song_id,rms,spectral_bandwidth,spectral_centroid,spectral_contrast,spectral_flatness,spectral_rolloff,zero_crossing_rate,mfccs_offset,mfcc1,mfcc2,mfcc3,mfcc4,mfcc5,mfcc6,mfcc7,mfcc8,mfcc9,mfcc10,mfcc11,mfcc12,tempo,key,treble,tbb,genre,mean_valence,mean_arousal
2008_2_Cover5S,-0.5501463110005401,0.5917273891045627,-0.5656570335502773,-0.7687855523529781,0.7206354048185137,-0.07030911636247796,-1.2491077133161048,-0.7377822151114383,0.07221808788170038,1.6649546264462363,1.5932949438621258,1.4476186405433809,-0.2389123145957503,0.43585183621932877,-0.18537537655204414,0.07733575101500481,-0.6263374084814861,-0.38542951460358255,-0.2163950737670993,-0.2451196571446762,0.44811324066379643,D,1.2186057606953942,-1.4844353765310145,4,-0.7068847384579019,-1.4952580702361262
2008_2_Original5S,0.9897330058293088,-0.2230603461253005,-0.4948058508506735,0.14840249782738676,-0.3978740018079154,-0.6563711319095086,-0.6838034834889722,0.31681019105510705,-0.07278289931812996,-0.31947875255658736,1.4410545456653108,1.8875400155186468,-0.049670943803606885,0.7809290050656753,0.46951576767250586,0.6714804414456617,1.3006701903284763,0.6680498296279951,0.713232646276166,1.3582728375898314,0.06387669876622915,F,1.2186057606953942,-1.4844353765310145,1,-0.6793043741013713,0.07248255351362437
2008_3_Cover5S,-0.985583709215533,1.1675447153078407,0.5962646352440443,-0.7056662392143606,1.4604695166485877,1.1512132062717024,0.44190646582105325,-0.014180686594411006,-0.33762413693963855,0.4270823288752965,-1.4758623924803607,-0.5320829892064575,0.2484119664817067,-0.13475471850988763,-0.36443558086531125,-0.12637420664194413,0.08632843760246524,0.7612056527980259,-0.021764562030983828,-0.659215096455544,0.7325295821634308,B,-0.8124038404635961,0.6669202416298763,5,0.03778509916844688,0.7443713922635171
2008_3_Original5S,1.6535448183563086,-0.9261920239086046,-1.2382353775715822,0.8527017278394705,-0.8297400638761723,-1.1047487209682987,-1.2886817333737097,0.3326063064471298,0.9091225800329324,-0.5008816429455832,-0.7116616960965677,-1.088002373362945,0.08770493697623191,1.6765801499527395,0.5937523947701414,-0.11402649469374411,2.740471243225547,0.6255659546208019,0.5145991140839172,0.9604936088883762,-0.5072503894501619,E,1.2186057606953942,-1.4844353765310145,1,0.14810655659457275,-0.029318785690904774
2009_2_Cover5S,-0.22247990741344773,-1.6401198891769881,-1.5051024535993458,0.6419726457509409,-1.047978450169157,-1.5389481904690998,-0.9053898626701568,-0.1518894683108454,1.4540269845160816,-0.8649597401590979,-0.10128157373433193,-0.29681744191488046,-0.22888777049975276,0.5039891154862067,-0.1765916732806807,0.1882310070515853,0.5356862883168207,-0.09647986487048094,0.29675198517785606,-0.9272227281130295,0.9055376708745949,B,1.2186057606953942,-1.4844353765310145,4,-0.4862418236056514,-0.3347228033044931
2009_2_Original5S,1.1417011826596588,0.9676263983763104,0.5705423408046121,-0.9907248361989126,-0.15992415848567146,0.7927179120195953,0.3423694637848952,1.4429052122811448,-0.39851520518953876,-0.13414263832229628,-0.2542434161199444,0.674817602879383,0.7221565092589113,1.0727811610307387,0.6282836458231292,0.47233122351416484,0.9288177796076572,0.2734171073168332,-0.03749166188239331,0.5299372622090404,0.6664294304458469,B,1.2186057606953942,-1.4844353765310145,1,0.7272942080817322,1.5995026415815632
2009_3_Cover5S,-0.539550476788223,0.7967539967785011,1.8919067241518772,-1.614162242340625,2.98497692372523,1.4184121121830366,2.3788598495657634,1.296936766346596,-1.9704055181793731,-0.6720551657867707,1.895587260702408,1.233942982159879,-0.09912944173369685,0.36062378560162606,0.8939695363404775,0.9754303014515845,1.33104879836208,0.5590947143189833,1.289921839995708,0.3242898927200958,0.6664294304458469,E,1.2186057606953942,-1.4844353765310145,3,-0.10011672261421138,1.3958999631725042
2009_3_Original5S,0.3643137363770082,1.3940642854646597,0.9903189343380147,-1.3005732998258002,1.5985303158500146,1.2992665130789833,0.24110391358628333,0.7447072840897729,-0.9069303973136158,0.35082263459486307,0.21908003228169806,0.4878856573477425,0.7447033421429111,0.9727801369164993,0.24134306527318466,0.7637530687692853,1.095636712138464,0.0245330934609091,0.6527979598028427,0.5845454220226769,0.6664294304458469,E,1.2186057606953942,-1.4844353765310145,1,1.5271247744211445,1.3958999631725042
2010_1_Cover5S,-1.5843320801726297,-0.7432239065074712,-0.015350571034248684,2.5273524618174212,-1.3153741379145099,-0.5342693547105105,0.3979347913363489,-1.9482280753234476,0.19191497758620885,0.6567028132589373,-1.0960699371349605,-2.163718859697165,-1.7527746819547965,-1.0188420327396153,-1.6971569538986342,-1.776443856122157,0.034864156989708475,-2.614748533997007,-0.9301691426255684,-1.4715782097823704,-0.5456019354717078,F,1.2186057606953942,-1.4844353765310145,2,0.010204734811915705,-1.9635442305769613
2010_1_Original5S,0.3338460012652194,0.24492056913570087,0.4997084405276169,-0.7323749112589379,0.37609442915048563,0.25237150910379963,0.6110429816296438,0.20339973088720315,-0.6156728064508051,-0.384988053141716,0.5438133726177696,0.4655582759082956,0.3378417983743923,1.0298215472740464,0.08638562864625406,0.5693569750501207,0.2391134992784303,-0.41056977874809514,-0.13043930325659087,-0.05415244046824697,0.6664294304458469,F,1.2186057606953942,-1.4844353765310145,1,1.7477676892733962,1.558782105899751
2010_2_Cover5S,-1.1598067164370993,-7.450353340387825e-4,-0.02980100001351874,1.393134182030815,-0.544244351871989,0.014774706811234037,-0.06967829979999914,-0.36018445290671214,-0.23694581510465254,-0.6398815288020585,-0.3085165228750605,-1.8635831414299298,-0.8014165419072768,-0.504058986483307,-1.8476559133819384,-0.9480488625884125,-1.9050245647940407,-1.7726984232855638,-1.568010294263688,-2.407502710720306,0.44811324066379643,D,1.2186057606953942,0.6669202416298763,2,-1.727358219649566,-1.678500480804279
2010_2_Original5S,0.27746649641185456,-1.2336019204680055,-1.0583796990010899,0.0038942589974891237,-0.7032879328342317,-1.0334324465621265,-0.3919111541134273,0.6523629110906599,1.0788173576749664,-0.760315439600318,0.7608843356498476,0.0562770699221803,0.7479396270910904,0.6606386470262203,0.10349338991188993,0.9048791075207849,0.4150079696341562,-0.2867641846927276,0.0056410149145276894,-0.40958698328534143,0.24799005244657168,E,1.2186057606953942,0.6669202416298763,1,-1.3136527543015943,-0.6401268209180805
2010_3_Cover5S,-0.876128412576128,0.1411410727694993,0.5230014351446662,-1.7731001933661827,1.4708734070635565,0.3272768212980326,0.9292521364767176,1.0840786556495217,-0.338122361977512,-0.9829662308110559,0.7796216914643113,0.2727986807895886,0.3199194588238382,0.16672914227373256,0.21006585495208,0.33180313845069437,-0.2527744568968388,1.0703565753799815,1.2794578619745374,0.8428033114179092,-0.2634359014981353,Db,-0.8124038404635961,0.6669202416298763,3,0.4790709288729492,1.070135677718011
2010_3_Original5S,-0.2639182697205662,1.2548264175415131,0.8800113211538703,-0.27845080649463566,-0.07389566702703917,1.172458110224521,1.0631430058645417,0.4436351540119416,-0.413234441005772,0.9597136558958042,-0.4950383701908411,0.3550878142392368,0.13875087141649914,-0.7820557560373292,-0.292825233047788,-0.983694520390189,-0.9102581451000938,-0.3897398268404702,-1.2379208742401018,0.4712565064499889,-0.2634359014981353,E,-0.8124038404635961,0.6669202416298763,1,1.1409996734297045,0.2964454997635883
2011_1_Cover5S,-0.381427679094871,-0.7448361644428878,1.0791561656174211,1.6716959831336657,-0.28591524998483087,0.458915818891569,2.08793757372679,-0.03718229533836985,-2.1022111753682697,-2.4962886131250004,-1.1795252777534666,-1.6900686199297195,-1.3578732141702579,-2.870087691394017,-0.4716262980844615,-1.5286534569855594,-1.4860579946060304,-1.831892003105249,-1.212939548732521,-0.38675669365755044,0.06387669876622915,g,-0.8124038404635961,0.6669202416298763,7,-0.8447865602405602,-0.15148039273634045
2011_1_Original5S,0.3691877151440101,0.2664956070489005,-0.4367364698274677,-0.20681596472909813,-0.4535355150275783,0.024152628645671588,-0.7064435831659611,0.6523045020495938,0.44661148954864044,0.10992697005830539,0.08881268614952957,0.9202800730357584,0.3962912189223095,0.30512639603323943,0.4668642704939839,0.33248886371727376,0.3200741926812523,-0.4237760036730632,1.6486046308195803,0.16382197868657103,0.06387669876622915,c,1.2186057606953942,-1.4844353765310145,1,-0.18285781568380488,0.9886946063543876
2011_2_Cover5S,1.1929645605106571,-0.2871183949770598,0.2678721750143285,0.6007350941785512,-0.1066081114692304,0.06826809939172197,0.7853908316181101,1.2442859902204892,-0.22393797112254563,-0.8299176448050659,0.08874532876490682,0.10571643138050893,0.6437259554961875,-0.9777500288841965,-0.34612944632134013,-0.4525271531040771,-0.48253637330749644,0.14672141370444478,-1.6425697475558552,-1.4486969969548105,0.77528061566734785,Ab,-0.8124038404635961,0.6669202416298763,2,0.6445531150121386,0.1742838927181535
2011_2_Original5S,-0.6384466789475738,1.3473938411829667,1.4659287356606319,-1.2822825657012302,3.0468820063462854,1.4989756805734806,1.5876040154249258,1.1661264293554865,-0.7605211237959763,-0.564147884503955,-1.3238919754253735,-0.6262286366116602,-0.10017676755146762,-0.16848209787043764,-0.22334023186086968,0.36423750450982356,0.7010602856054589,1.0415798541974033,0.43201708617833673,0.5892125228464661,1.2027909507065178,Ab,-0.8124038404635961,0.6669202416298763,1,1.8856695110560533,1.9049066591951507
2011_3_Cover5S,1.6714692748761901,0.9139374869603717,1.0010743741967907,-0.3210028251872818,1.0508257369927265,0.9105123985610237,0.9157664205734729,1.6086162350253461,-0.9822815349923374,0.06608305554871924,0.6755486013771811,0.17462790598717212,0.7473720819594463,1.087406800689907,0.5425872298538678,1.2955219066282018,0.5996198951856014,-0.3294211993456834,0.027978703323579414,0.4793060764676449,0.9055376708745949,Ab,1.2186057606953942,-1.4844353765310145,1,1.747767689273395,1.6605834451042802
2011_3_Original5S,0.8821065844335567,0.7440478043731578,0.6710164439961762,-0.6193883271663312,0.42878004429350114,0.7698073748547906,0.2478466239677365,1.130522588608002,-0.6055809566926073,-0.3818035622709296,0.003970341188996317,0.10658945559838501,0.5461476572304652,0.5422695853200926,0.9317375705627815,0.7324647863509063,0.6938827754638258,0.016444910955745053,-1.3884602830326673,0.006775748884770327,0.9055376708745949,Ab,1.2186057606953942,-1.4844353765310145,1,2.1614731546213672,2.047428534081491
2011_4_Cover5S,-0.7902325885347531,1.27763736952035,0.9031375275825023,2.317686063958938,-0.9222377291051356,1.5600069792352511,1.017325972171642,-0.21296831604133457,0.16066569253132265,0.2450865881459278,-2.659109061812383,0.2307048066941923,0.6367227288409412,-1.265835710271515,1.4465752486862478,-1.6447768152633848,0.7776430732529532,-0.05144865826853034,0.23930329709850162,0.783027489031479,0.44811324066379643,g,-0.8124038404635961,0.6669202416298763,4,-0.37592036617952546,-0.8233692314862332
2011_4_Original5S,0.2547429720076359,1.0925132742852053,1.1989341795508066,-1.7147085107273787,2.3881676634289994,1.2623616142250615,1.0231629577452057,1.3630627810364804,-1.0782023290273248,-0.20488303719135584,0.06343773313511664,7.942515487883488e-4,0.6042479777591373,0.7732250768368667,1.0784149701255303,0.7723114110507456,0.6529883025423161,0.6613755482994649,0.32451851136750526,0.6934303938849752,2.143274399592901,f,1.2186057606953942,-1.4844353765310145,1,-0.37592036617952546,1.0090548741952932
2012_1_Cover5S,-1.3597354169020068,0.9819677275522694,0.4030780980651441,0.31653087655241263,-0.22056024804043572,0.622116242320192,0.26952321133192075,-0.7441789678947388,-0.2842779384336884,0.6283482289333344,0.35245542041729094,0.19998414913081,0.4503648335324307,0.9498635574928017,0.020802788684409053,-0.21114401834474655,-0.6569866496263372,0.6068340175037487,-0.2614677380724008,0.44723212518055616,1.1685567353462176,F,-0.8124038404635961,0.6669202416298763,6,-0.8999472889536225,-0.4976049460317396
2012_1_Original5S,-0.8408181898964185,-0.8801238447444744,-0.818981412205266,0.05340603521295918,-0.387100258867443,-0.7153358518291634,-0.601365056654307,-0.738341273075945,0.9414554486903686,0.3043695944911632,0.8094855834722299,0.33275761144103655,1.0493583333468846,0.7514960791749731,0.5848931542986902,0.4062311373126647,0.4994076522844574,-0.03219267081533387,-0.15659960730423525,-1.1793469963591463,1.1685567353462176,F,-0.8124038404635961,0.6669202416298763,1,-1.0654294750928113,-0.3347228033044931
2012_2_Cover5S,-0.2485882585795958,0.4350449460256778,0.3390482789606714,-0.9247741379057562,0.18851624375811044,0.47809462967729816,-0.1085886208384894,0.2968198572141111,-0.505280958204769,0.46490714450177,0.9508167683580653,0.5029890827833686,0.8588086618037621,-0.5034469511881668,0.5784671169848319,-0.1898950133995272,-0.266279708609178,0.026169212888032665,0.07345627378174581,-0.44904494984768806,0.6664294304458469,E,-0.8124038404635961,0.6669202416298763,1,1.113419309073172,0.7850919279453292
2012_2_Original5S,0.04480474620059195,0.6349581709545457,0.8498066736560222,0.11230460138081749,0.42145861535961443,0.7073539286919958,-0.1170799258040693,-0.08472741523181719,-1.4349033425500035,-0.07200014690309128,0.8038123124349914,0.39137038133506685,0.7126690876910475,0.6033896690706153,0.9345444989687572,0.9742487819137478,0.5630618544068028,0.24566171180972154,0.2810583316676114,0.6246400851083722,0.6664294304458469,G,1.2186057606953942,-1.4844353765310145,1,1.8856695110560533,1.456980766695222
2012_3_Cover5S,-1.2134559343300588,-0.41766596188097815,-0.9643974422848378,0.8548308933351794,0.4681939467808579,-0.6886223272865387,-1.4561281417447898,-1.413610122431511,0.05622759625133437,0.5705492512921367,1.4624549893554022,0.4290959935832253,0.05039446025890127,1.2930003132493695,0.34264065729598936,0.7173457692069662,0.15713792217863645,0.20159056485466179,-0.6342339415181059,-0.9852955451301213,0.6664294304458469,G,1.2186057606953942,-1.4844353765310145,5,0.6721334793686697,-1.3323759275088798
2012_3_Original5S,0.04911522335977889,-1.2130565511615028,-1.086357602891901,-0.6806431374700547,-1.3109819737519595,-1.0741057380859742,-0.7257650742241755,0.22366670535127586,1.0651545227798231,-0.631597648859348,0.7827647536593281,0.7458170426627431,1.1869678319008228,1.763441806142605,0.6387909552286364,0.6012032442274651,1.4544725075583416,0.6526182664465074,0.7448967781120295,-0.1457400274909842,-0.40955759590717505,F,-0.8124038404635961,0.6669202416298763,1,0.6445531150121386,-0.19220092841815176
2012_4_Cover5S,-0.23504513441683655,0.8608554827402439,1.6481966095428158,0.7094434717489558,1.5135173591415079,1.2768490973481914,1.548626827035875,0.41896359227241453,-1.6726886891854056,-0.4009795398285068,-0.5261928551060814,-0.6565598002758873,0.3541280664652172,-0.09930685599295139,-0.26947780199847393,-0.36392810089522015,0.660909762552095,0.16242955406920684,-0.9189941556225462,0.24696267994755203,0.9055376708745949,B,-0.8124038404635961,0.6669202416298763,7,-0.8999472889536225,0.11320308919543567
2012_4_Original5S,-0.38558905019779904,0.999921891549851,1.220849023101165,0.015884729629261744,0.1640416357171546,1.1867056727928007,0.7789625961775039,0.408282760976966,-1.478641952629412,-0.23677946668732003,-0.12344624837956006,-0.9062339402145624,0.8258084059704308,0.10791558740786972,0.41216396461358973,-0.08906755427322668,0.17456388728107713,0.9169270963980666,0.2724800332317486,1.2327856764805638,0.44811324066379643,B,-0.8124038404635961,0.6669202416298763,1,0.2032672853076351,0.907253534990764
2012_5_Cover5S,-0.4790988258959957,0.8088746768072846,1.424639716394294,0.2918120207700398,0.8854991373735173,0.9142235379582556,1.4219043010572814,-0.137158515596309,-0.921446693932814,1.0510986641832867,-0.004533493317510488,-0.0813389619048742,-0.33728913536343247,-0.47932459543655465,0.8012266029553712,-0.24987618133868417,0.5616558176182908,1.3992856689686304,0.251914901183736,1.1089730538371583,0.6664294304458469,Db,-0.8124038404635961,0.6669202416298763,2,-0.458661459249119,-0.6604870887589867
2012_5_Original5S,0.22851271172989018,0.4838298058041527,0.22690752616584473,-0.4777801496872997,0.9258874868879419,0.26861070099029905,-0.3429382193771106,0.4323007512212495,-0.13055987489856463,0.8355732444971344,0.4172587316357157,-0.02800096174870455,0.9057415942020619,1.2370048162785765,0.9198475060293807,0.6811814317590185,-0.035415522515487505,0.17969096426934333,0.2227767359557164,0.9257687033026324,0.6664294304458469,B,1.2186057606953942,-1.4844353765310145,1,0.9203567585774527,0.7240111244226114
2013_1_Cover5S,0.8204868963390166,-0.24493836025521426,-0.6637222500891568,-0.5434068629761738,-0.7420385710805045,-0.5911431159620992,-0.483559550134345,0.9869357552765455,1.0115830431468786,-0.06561477717017973,-0.5495881082174129,0.6186070868804839,0.4773915429030512,0.3612489060299284,0.0012425014493218634,0.5356688960245789,1.3628403554529607,-0.3456051737176562,0.09218028147770224,0.8239942223483074,-0.2634359014981353,G,1.2186057606953942,0.6669202416298763,1,-0.10011672261421138,-0.3347228033044931
2013_1_Original5S,-1.4393671165926634,0.20987385326508454,0.23483792424774635,-0.9910206349838585,1.2161824592064479,0.29766685209106636,0.17872477623327618,0.10429178348974998,0.4108171112110322,0.20613364922285884,-0.6884736693205431,-1.3720339888014055,-0.26509128691403,-0.43815737075848776,0.7016265892674295,-0.1099778108278532,-0.43740025781132824,-0.07949121828335554,0.5259909737845186,1.1841594469433285,-0.2634359014981353,F#,-0.8124038404635961,0.6669202416298763,1,-0.04495599390114784,-0.029318785690904774
2013_2_Cover5S,-1.17491738660507,1.0207797069717948,1.2024305325794375,-0.02815522499166671,1.1040956548476974,1.0480954274382344,1.1566675455523494,-0.40639322528914523,-1.249091655190652,0.615130761600217,0.7089080168631869,-0.8398242389405464,-0.27344333485820876,0.6482549268489644,0.5700703226080028,1.0981995854160564,0.15460681199688492,-0.8468268559992493,-0.38973965064871907,-0.8538793791755651,0.6664294304458469,G,1.2186057606953942,-1.4844353765310145,1,0.3963298358033557,0.43896737464992963
2013_2_Original5S,-1.4789391482147964,0.8831998963925466,-0.0770401996416611,-0.7016801949426444,-0.03876730227981821,0.3788608305210353,-0.38870947947168105,-1.4257938632836658,0.055847411076694206,0.8469479328966268,-0.8905111207325359,0.858791593307949,0.5716516393034481,-0.5500379012521049,0.5465718595951419,0.6734070024513381,-0.4808611731119377,0.5074959746872617,0.42859953624581737,0.21431312432421604,0.6664294304458469,G,-0.8124038404635961,0.6669202416298763,1,0.2032672853076351,0.09284282135453002
2013_3_Cover5S,1.084918017890789,-0.8532170814317266,-0.14380508487072957,-1.4258940730329095,0.5733250155445349,-0.4782959163377083,0.3412584985793927,1.5831648965411267,-0.1031426031955195,-1.618197218141441,0.9699457007502517,-0.47100419206284727,0.3345225145875189,0.7757331354652813,0.7878081407824258,0.524173320771034,1.154131718832524,0.8855273855868924,1.1797741235006824,0.7913661003832352,1.4592971517300197,A,-0.8124038404635961,0.6669202416298763,3,-1.0654294750928113,1.3958999631725042
2013_3_Original5S,1.5882926681616036,-1.523737161134865,-1.1769923274555323,-1.474226722085776,-0.8335506981178937,-1.0727036153439404,-0.649480451796715,1.4969506647271382,1.241280424957813,-1.2998579896196412,0.7347283476367465,-0.3775893630785684,0.7761859196458206,0.2385083256506393,1.0473820250424712,0.5073841228802727,0.7815872680266689,0.8308429036876422,0.673126713773634,0.8462971020656973,1.4592971517300197,A,-0.8124038404635961,0.6669202416298763,1,-0.7620454671709654,1.070135677718011
2013_5_Cover5S,-0.6672377462779385,1.2579746875047575,0.799616573647018,0.7390062474070077,0.16225034963137636,0.6846862882456163,0.44007737754372744,-0.27105883527787084,-0.6220782377673266,0.6751786619308109,0.6998319976134747,-0.22451157994597476,0.4036130457131793,2.396065175029016,-0.244516237172971,2.582786700006493,-0.4804441837216873,0.8562005502266463,0.5421753331850723,-0.4114276482553688,1.7822678715296592,E,1.2186057606953942,-1.4844353765310145,2,0.5066512932294803,0.27608523192268264
2013_5_Original5S,-0.8908247826204189,0.3230998073422802,0.8525873687098606,0.44111567719032496,0.1522061658471068,0.6700866442520126,1.03421290265834,0.11430219452809812,-0.8892374506211005,-1.1643232787071984,-0.469401048160409,-0.22307093028692712,-1.2685408582569717,-0.8458738197776023,0.11285007255156124,-1.441536390549645,0.20307882567322347,-0.7898940388591603,-1.244906911439635,1.2893331767032492,1.7822678715296592,G,-0.8124038404635961,0.6669202416298763,1,0.837615665507858,0.9886946063543876
2013_6_Cover5S,-1.0385507132229268,1.4005604884660563,1.832542152396865,-0.6674745717401565,2.7208912553872824,1.7204677308761027,1.9774855322651104,0.5178147966322204,-1.232234110495496,-0.032153162096172215,-0.43552882692541,-0.5475855836724336,-0.5561395690591935,-0.737121508452132,-0.015254115772755343,-0.3851379524712391,-0.8001476688557905,-1.0852824886240673,-0.6951160351299953,-1.62195875969565,-1.0202627914971658,Eb,1.2186057606953942,0.6669202416298763,1,-0.23801854439686843,-0.37544333898630483
2013_6_Original5S,0.6358320477100501,-0.9244346307659035,-0.6611183598267443,-0.7540865380323256,-0.6031108335261468,-0.5886666695509792,-0.7404028275483959,0.8123788116341718,0.5968285726606813,-0.953770002830594,1.0167634605897458,0.033812133935233676,0.7178301625918526,-0.20253634385739755,1.2316316845111892,0.6834067165723746,0.5088749531069783,1.0046557468314368,0.27063144976723236,0.9085356246554044,-1.0630138250010828,Eb,-0.8124038404635961,0.6669202416298763,1,-0.017375629544616664,-0.2736419997817752
2014_1_Cover5S,0.8673343492278413,0.6174030965538766,-0.6896505645668997,-0.6574017393263865,-0.3058995118501617,-0.08527949267120155,-1.2254249996836706,0.17346686244842957,0.5031831180083017,1.523481742761186,0.8055226534047977,1.0168718983670506,-0.3129584456883631,1.1576985409010379,0.09220165356000011,0.6304736419439443,0.23539530858653931,0.45361060465770947,-0.0629037810507885,-0.5005350667476961,2.5494067383201693,Ab,1.2186057606953942,-1.4844353765310145,1,2.133892790264836,0.8665329993089519
2014_1_Original5S,1.767388604443536,2.73825333571983,1.270126570866274,-0.9824912569950911,0.397681364287004,2.07488255356608,0.5613403853526018,1.2260273079363102,-0.25096202485847935,2.512543959561539,-0.6829702744545977,1.065623061222403,-0.44849648307992007,-0.4827794195284492,0.6017460411689735,0.19329115722579956,-1.687693753859154,-0.4882478492002947,0.5777623199622693,-0.3979901845653831,2.5494067383201693,F,-0.8124038404635961,0.6669202416298763,1,2.6579197130389334,1.8031053199906215
2014_2_Cover5S,0.5787962376394543,0.2502603925064449,-0.3012165607683815,1.913101063893132,-1.0129456836978241,-0.37019499913890325,-0.16482375841116886,-0.3857907197677254,0.2426326480335927,1.0828241206255753,0.11487053289991485,0.24264500986916945,-0.5211414162886941,1.7267858867459824,-1.4476700866678827,-0.4120327297610791,-1.0389643185177126,-1.9654939035664238,-0.5042746129147005,-0.6499058346537536,1.1685567353462176,Db,1.2186057606953942,-1.4844353765310145,2,-0.5138221879621825,-1.108412981258915
2014_2_Original5S,0.06998816267855285,-0.9199546348486167,-0.7614811152032304,-0.4399235635722267,-0.42650092757896835,-0.6653260381526196,-0.026217540126490725,0.7391675716590663,0.8238750844830619,-0.9475844515885556,-0.06610845122915696,0.1471306241823779,0.9555723246644738,-0.06827011648554937,0.7306879851371124,1.423125914218761,0.09453241965635999,0.04488283775626525,0.4368108623039505,0.14503766250144948,1.1685567353462176,Db,1.2186057606953942,-1.4844353765310145,1,-0.23801854439686843,1.0497754098771046
2014_3_Cover5S,-0.574885033576313,0.589516654074396,0.29543390326056346,0.10958760236399276,0.3073355110082607,0.6101990070589784,-0.14953616313103724,-0.06457725884986178,-0.36474798462934327,0.508682117470697,-0.01338032800694859,-1.5893762424336175,-0.8949158671397033,0.368080741288507,0.0897479959471023,-1.3777610868922583,-0.04371681847088144,0.11645162198212874,0.0012722885342510608,1.5275399674910606,-0.6725766518285908,Ab,1.2186057606953942,0.6669202416298763,5,0.6445531150121386,-0.17184066057724612
2014_3_Original5S,0.30587609080788575,-0.8809387436012447,-0.901826904760611,2.804336787761577,-1.510546714621794,-0.5367716607370159,-0.7513887022173876,-0.6880876745995836,0.4045848298516125,-0.11640384069574142,-1.0923420871640876,-2.940757471741628,-1.3830098581179142,-2.060904053561887,-1.3369755537897794,-2.4278589586492574,-1.98863116625406,-1.5383740339946115,-1.2158736524456828,-1.6927461814079763,-1.5931433390033398,Ab,-0.8124038404635961,0.6669202416298763,1,0.5342316575860128,-1.1287732490998215
2014_4_Cover5S,-2.0771409560120695,-0.36847050295902795,0.3895836124225896,1.1281150275321792,-1.0851838245241592,-0.30124075982014287,1.3089197194693243,-3.1811549977705473,-0.11994857526904061,-0.18420413102098093,-1.3646297251778574,0.3918317001077558,-0.9996119469444931,1.5771961459462709,-1.7291047195442666,0.5126735944403863,-0.11015364926064282,-1.8613045326784339,-0.6430649921791309,-1.7621449858990395,-0.2634359014981353,c,1.2186057606953942,-1.4844353765310145,2,0.23084764966416627,-1.149133516940727
2014_4_Original5S,0.30096823514490173,0.35576537225548105,1.529064485116999,-0.7137532882315867,1.721602729598503,0.7961420866353266,1.9460093686061877,0.9355767175586658,-1.4583932753334188,-1.5352435363226156,-0.5523392408085808,-0.3303605495114278,0.8198235250915168,0.39804462449686656,-0.03024315759472238,1.3698630852001243,1.4847367243205516,0.9511220742078086,1.8425670833029577,0.48554697547644005,-0.2634359014981353,c,1.2186057606953942,-1.4844353765310145,1,0.6445531150121386,0.8258124636271406
2014_5_Cover5S,0.04635592632506808,-1.0282651261119558,-0.7384763014457598,-0.5858929083882854,-1.0250638522268274,-0.8484972310647103,0.011058326744688585,0.9355896349427488,1.0610830784120577,-0.973676010170353,0.7238465291530671,0.2856880316355858,-0.6973678118282554,0.22543696303262417,0.3705533784847829,0.12312005590104051,1.0257878296192209,0.13964264502357418,0.17339302375472487,0.790322842633205,0.9055376708745949,Eb,-0.8124038404635961,0.6669202416298763,3,-0.37592036617952546,0.7036508565817058
2014_5_Original5S,1.4135561158253118,0.671132014010866,-0.054045778354378723,-1.3016461786772402,-0.17546300599522457,0.3536323117334814,-0.7033598244669502,1.1813881180681811,0.26505836022041845,0.5936426094568473,0.5214470494500079,0.4788980859574439,1.1046936745613885,0.69629207075413,0.25593702207671404,0.48621943348567653,0.6852047608604976,0.2768127138357052,0.4732071827272506,0.5056134032192012,0.9055376708745949,E,-0.8124038404635961,0.6669202416298763,1,0.17568692095110391,0.7850919279453292
2015_1_Cover5S,-1.2443301921936327,0.2929551108048016,0.641969641696286,0.7056761349391805,-0.5729442524640563,0.5719992537830091,0.6761783594971514,-1.375652589886283,-1.3234253041429203,-0.7999979846086525,-1.5607467607882384,-0.6178944559761316,-0.2289597182826445,-1.4886196482863279,0.022601564234520186,-0.6094713323799187,0.4762771001943416,0.9249382963426552,1.4138903744488909,1.4475385354047203,0.6664294304458469,F,-0.8124038404635961,0.6669202416298763,7,1.1409996734297045,1.0904959455589167
2015_1_Original5S,-1.859438718213184,0.06392144035051137,0.5318774094322382,-0.004598335758984626,-0.17794931738408298,0.29989387543873847,0.7614949715810766,-2.0019836488334892,-0.9302825548623452,-0.6305584716505477,-0.64929348848233015,-0.4017148017745523,0.7902952070233671,-0.40287696055994177,-0.38209255698686834,0.8763464484513209,0.2385601111728294,2.3758056451775458,0.9737848693266377,1.2880906506288736,0.6664294304458469,F,-0.8124038404635961,0.6669202416298763,1,1.361642588281955,0.47968791033174096
2015_2_Cover5S,-0.45203381027288797,-0.32604006554751774,-0.13433716404913001,1.58130440808379,-0.6810789472156472,-0.21504764162050857,0.107691628798123,-0.39537814665153664,-0.013751052005526903,0.02371941699908489,0.69954082166568,0.4692461644306147,0.7272867751556573,-0.16493632587204526,-0.2518511397757537,-1.0300328403256223,0.25782053819280704,-0.3680942509261655,-1.181367239767694,-0.1794304825358382,-1.0073281756035277,Db,-0.8124038404635961,0.6669202416298763,1,1.0306782160035775,-0.9658911063725745
2015_2_Original5S,-0.03014478475383451,0.2475277716642842,0.03501193826789016,1.0946516152910954,-0.4804412937247606,0.2929250661351012,-0.16928446972341235,-0.5578505966722556,-0.28318914171415305,0.9089199014401295,0.13388875629933425,1.524349803716197,1.347481197449336,-0.5014358783793118,0.8880743529676207,-0.045733512329849624,0.8241614222591451,0.6672957027753633,-0.912912625557515,-0.6033131938810845,-0.9027183246910541,D,-0.8124038404635961,0.6669202416298763,1,0.8651960298643891,-0.8640897671680453
2015_3_Cover5S,-1.8920473777231654,-0.9888157959316113,0.1846885624194725,0.6638745723088747,-0.4598576678502182,-0.4493044424682807,0.26861561995124744,-1.5213388591760035,-1.0630073962859152,-2.784856959595203,-0.43325336173489304,-1.2005917286886103,-2.2402378353908516,-1.50135305306983,-1.675951200509426,-1.6490795860461596,-1.3934982431387235,0.15098486080745768,-0.6549926913836716,0.3941322821084924,-0.9027183246910541,Bb,-0.8124038404635961,0.6669202416298763,3,-1.2584920255885312,-1.3730964631906915
2015_3_Original5S,-1.7016022041478496,-1.895476671525636,-2.0178269749850477,0.6602090041151759,-1.4306553236870896,-2.092403360207197,-1.4818339266195604,-2.8344642833681126,2.0426001805475074,0.9903556588018234,-0.1813279881831757,-0.390544124199426,-0.05523724984392374,-0.08880498981905914,-1.1972251135127108,-0.08544909623774655,-1.1990643902699496,0.9759747471514311,-2.414380946695771,-1.370253230416826,-0.9027183246910541,Bb,-0.8124038404635961,0.6669202416298763,1,-1.7549385840060971,-1.5970594094406558
2015_4_Cover5S,0.00643534438582336,0.667232257346341,0.6882830673389972,-1.698526860763023,0.9183091966669618,0.7518626146902557,-0.38399565010150416,0.7505279696823203,-0.9794517433814839,-0.6587280517452254,0.3526689306176234,-0.18055757870147823,2.0837257191450806,0.9400639143366213,0.6949674334034862,1.0161741481557034,1.908468829453695,1.3276620191118345,1.3810506545786252,1.3860628799138546,-1.1912669255128336,db,-0.8124038404635961,0.6669202416298763,3,-0.8723669245970913,0.9479740706725753
2015_4_Original5S,1.382279152324993,1.6436269868007123,1.251369769852691,-0.22438399605643353,0.31549306250278414,1.497449945596202,-0.028328234277426013,1.3353137528296029,-0.8661887709541867,0.6142954128709378,-0.22816551748567052,0.81530913160748,1.0569514648457448,-0.0021093528139463245,1.1769487493577033,0.5996442072888275,1.4868448307605375,1.5349115173965044,1.7063088034727778,1.6722111084229851,-1.1912669255128336,d,-0.8124038404635961,0.6669202416298763,1,0.2584280140206974,1.0904959455589167
2015_5_Cover5S,0.42878981937009497,-0.5295844205187801,-0.8178427443099684,-0.38811944710202667,-0.3375736090334126,-0.70995383689335545,-0.46235456796947705,0.32450943336133087,0.9838987853809805,0.23294930583004217,0.4210948547190892,-0.5205807520717568,-0.39264269536399105,0.6366524763557548,-0.5693612360618397,0.37393950977114043,-0.12407736430289747,-0.7482456557596733,0.3179533755299081,0.5466149831877167,0.44811324066379643,Db,1.2186057606953942,-1.4844353765310145,1,0.7272942080817322,0.2964454997635883
2015_5_Original5S,-0.49332807648723787,0.5705674567929165,0.6815071217486695,-0.6001147128906963,0.1998878382762705,0.6978882098758084,0.7601035992790074,0.3891953603065413,-0.5889481345761934,0.16697088953534894,0.5189916821462607,0.029885175183494997,0.7058609160347522,-0.32653605052181156,-0.24755286798036857,-0.23259488863195366,-0.29377783193513723,0.09169559504296006,-0.1873904446018567,1.2639349386359373,0.6664294304458469,Db,-0.8124038404635961,0.6669202416298763,1,1.223740766499298,0.805452195786235
2016_1_Cover5S,-0.05214019446412788,-1.9542765470566776,-2.802254966867613,0.02029561874540238,-0.7846980255815732,-2.7482395769015437,-2.4230537488324004,-1.926865129017371,2.018052357380987,2.406821652998232,1.3445688342645012,2.332981884609195,1.1374349905044159,-0.13440968224142918,0.8662731287965861,-0.004773476505350807,-0.12597329119860973,-0.3431723825724378,-0.13329432841118344,-0.8103476401123143,-0.6725766518285908,E,-0.8124038404635961,0.6669202416298763,5,-0.10011672261421138,-1.5563388737588437
2016_1_Original5S,-1.4643551444945022,0.024908952013610708,-0.3001843619722849,0.52365616020072,0.41475331321765907,-0.2246965208860849,0.17127147131557666,-1.598180766632422,0.5877778568381328,0.30334170577870445,-1.6839659844654866,0.4096228690043928,-1.638112636377782,-1.6958205635275918,-0.9763781049676222,-1.3511119918693677,-1.379353640448881,-1.2403435000814629,-2.039270557606195,-1.9136086138349695,-0.10607407543452248,E,-0.8124038404635961,0.6669202416298763,1,-0.3483400018229943,-1.2712951239861618
2016_2_Cover5S,0.5939019932718104,1.4532113465150858,1.041738466199275,0.14075692580105995,-0.5072722070615241,1.2057714671789357,-0.1649117158248262,0.6957685308950343,-0.5846547603708957,0.9805048266162587,0.06617396802381917,0.3492712371544519,0.7751846785339581,0.2984578881605969,1.044203804421534,0.6617256408735881,0.1861126619786312,0.5109865471062057,0.46349868914458087,-0.08317849737552767,-0.079740054410992,Eb,1.2186057606953942,0.6669202416298763,1,-0.6517240097448396,-0.008958517849999124
2016_2_Original5S,0.9394136482416995,0.780883446607527,0.1736855705265086,-0.29414266312027015,-0.28462048256465844,0.3452788465750304,-0.3346878022748191,0.5613845715162953,0.5894356280403901,0.5705834496858815,-0.7656498401636843,1.204677187515677,-0.7587261587761978,-0.5465648825940986,0.03637567365177595,0.21302030422551452,0.08547097743834947,0.9816950669897168,0.7782756282711402,0.9896884219404672,-0.079740054410992,Eb,-0.8124038404635961,0.6669202416298763,1,-0.5414025523187137,-0.029318785690904774
2016_3_Cover5S,-1.0524113736430953,-1.984402841970976,-1.6352543555776804,1.6119059270380716,-0.5704171684420406,-1.9326262140674377,-0.9324841961835852,-1.4277438266546765,2.251187417480129,-0.3971756040699973,-1.8447059985066152,0.3997763269567981,-1.6368572982625333,-2.16000651535082,0.6195137486018203,-2.2067291340574173,-0.6868065879372077,0.529316897051102,-3.0991123130048215,0.02632320348086428,-0.16524212141882597,eb,-0.8124038404635961,0.6669202416298763,2,-1.2033312968754684,-1.5970594094406558
2016_3_Original5S,1.731541122821914,0.41105758338239834,-0.5596835491431912,-0.172386430268331,0.48124522254194985,0.1312773601568806,-1.3882308388998135,-0.2051208046308571,0.09296480403281616,1.1812509716175363,-0.1844574941749932,0.20479126534708192,1.0460771228944634,-0.4686675645074142,1.6732869993954722,-0.1504150415530141,0.6235261800267345,1.2215043126011214,-0.12711802374077244,0.8938279610537936,0.09126407960467597,bb,-0.8124038404635961,0.6669202416298763,1,0.451490564516418,0.27608523192268264
2016_4_Cover5S,1.4164709602979126,-1.8333913445139538,-2.5174076908280547,-0.3037785085077089,-1.5915218698737323,-2.787919704233273,-2.316187975227727,-0.8280469695055102,2.7892116246353216,1.2868198998981089,-1.0186116984180416,0.5086919537870926,-0.8628400617484226,0.23871551938775024,-0.6233675050161814,0.4031618706212437,1.272826894051759,0.34316131596266497,2.962574438690108,0.5199150938718722,-0.6725766518285908,Bb,-0.8124038404635961,0.6669202416298763,1,-0.3207596374664619,-0.9658911063725745
2016_4_Original5S,0.6020403211072854,0.3564380646130233,-0.08676095913688922,0.824781261951595,-0.7800919153764119,0.019305649257434995,-0.27524232281751476,-0.3888328038351886,5.626070326919351e-5,0.05722894008839779,-0.4786442605828597,1.145895615195132,0.25511668583005725,0.8713136775842665,-0.8374130818249524,2.1073202789375567,0.8707997194586978,0.715860720038131,2.319322598448758,-1.356164033250457,-0.4095575980447266,B,1.2186057606953942,-1.4844353765310145,1,0.6445531150121386,1.1108562133998223
2016_5_Cover5S,-1.0779858058429912,-1.9817923242131146,-0.6594890927705711,0.5043418736410612,-0.4721890262060706,-1.1327532529491644,0.3978607609537672,-0.4518446057104709,0.6604204078759756,-1.828674954911157,0.39393782582628506,-1.2633168152811245,-0.7964061632219859,-0.7814536903674559,0.5069890087768643,-1.52915322616938,-0.5967471368654415,-1.138023329768186,-1.1461034280127094,0.18532313106005002,-1.4477907057613126,f#,-0.8124038404635961,0.6669202416298763,4,-1.6446171265799714,-0.4365241425090222
2016_5_Original5S,-0.388589541189115,0.7582192590736536,0.5903262265980145,1.7833767653501955,-0.14091150783830123,0.7468103496590952,0.389115518871051,-0.1782463876282128,-0.10126178505927187,1.172513009639675,0.41667397916246623,-0.33110405739259063,-1.6419099749283148,0.34568063830176626,-0.40287900111510727,-0.9166102445567512,1.0729357372221695,-1.6744736540793448,0.7087568596935165,-1.225782776980388,-0.6725766518285908,a,-0.8124038404635961,0.6669202416298763,1,-0.5414025523187137,-0.15148039273634045
2017_1_Cover5S,-0.7516751938042525,-0.694489461362669,-0.982243676588539,0.3153149773988891,-0.2992433637327241,-0.7739580706289749,-0.8514263208632618,-1.0404565822086673,0.5955785416800069,0.49002214222578155,0.922368793531813,1.2874199741595174,-0.034533959756360644,0.1535962421437582,0.7443217990580243,-0.8783503306428866,0.8975694455212372,-0.5195068934943181,-0.962062831639023,-0.8497640333082943,-0.4217483224423279,d,1.2186057606953942,-1.4844353765310145,4,0.2584280140206974,-0.9862513742134802
2017_1_Original5S,0.49562965085184835,-0.4910350926258726,-0.7754751663393733,-0.7977409475431144,-0.5437840685449697,-0.6819985919318889,-0.8790763776177453,0.18564675215501414,0.5919159546302822,-0.26836941956042204,0.06165721057167782,0.3507751810692963,-0.3668970326253827,-1.0961525885312116,-0.7318853500150437,-1.0798887112494693,-0.7793731669641071,0.011223964364900335,-0.30308190710325417,0.361645878990976,-0.25074418842665996,c#,-0.8124038404635961,0.6669202416298763,1,0.8927763942209216,0.3778865711272118
2017_2_Cover5S,1.3146057583463278,-0.5247350066475631,-1.313849625161506,0.11488484775944914,-0.5861052425285903,-0.9837123859319693,-1.7280615788720517,-0.19339101756218796,0.9501963564176366,0.9831052361595756,0.36010733227924707,1.2164565200085586,0.30028809538922707,-0.5906289314378677,0.9487003400117792,-1.2507060464363462,-0.1679846715487808,0.6020852780281146,-0.8073546964120449,0.23572322017286138,-0.5500014229540788,Db,-0.8124038404635961,0.6669202416298763,2,-0.37592036617952546,-0.5179652138726457
2017_2_Original5S,1.652172804069034,0.8851864853504511,0.5134663575258354,-0.9529911325000608,0.7871760900594407,0.712060485768335,-0.13230062185222707,0.8650570271724274,-0.3336994045785063,0.1581003406875914,-0.704562834961852,-0.0839996629084041,0.428714656010734,0.2664307411551095,0.1543916567211863,-2.7793687671197066e-4,-0.4458848983074648,0.38074356199545667,0.10863655943249281,0.863898559974864,-0.5500014229540788,D,-0.8124038404635961,0.6669202416298763,1,0.5893923862990751,0.5814892495362701
2017_3_Cover5S,-0.22244078198428535,-1.0380573445390158,-0.6493742845943017,0.5007022329300093,-0.6292647447021533,-0.84105606001201,-0.4432466878803587,-0.8353137602576723,-0.33126897496550206,0.37204936574252484,2.5263952397807037,1.4341796038392287,1.6326351194850408,0.638458972454132,0.1668756077355896,-0.30319727918033224,-0.28826848265652927,0.32348516018289597,-0.9960520127059234,0.0212075089204172,-1.4477907057613126,F,-0.8124038404635961,0.6669202416298763,7,0.12052619223804038,-1.2712951239861618
2017_3_Original5S,0.1987466100764344,0.12100122514675601,-0.14205898665478578,0.6575371365635523,-0.4952064064740258,-0.05900845399465235,-1.024509583648556,-0.502253854653407,-0.8631547368670437,0.0632248566975235,0.43938485582811165,0.7845109665281617,0.9711098515245409,0.3445799169001021,1.614659042021362,1.2526905806209088,1.1583963175939023,1.0287442478539,1.04521125605563,1.0235932135679544,-1.4477907057613126,Ab,-0.8124038404635961,0.6669202416298763,1,1.0030978516470475,-0.41616387466811616
2017_4_Cover5S,0.6092470343032518,-0.46532149666976175,-0.39410636126034193,-1.5528761060662788,0.07707934382865225,-0.5952779792055933,0.23752943196316648,0.9532906232098102,1.034871898560752,-0.520549048394837,-0.6056568470541043,-0.16534955005925875,-0.7216173316272444,-0.3120405393964399,0.16283303784982847,-0.32411332674375454,-0.25282775591043893,0.2690316259653707,0.34559748452094324,-0.6529598074687809,-1.2862877773242742,NA,-0.8124038404635961,0.6669202416298763,7,-1.9480011345018171,0.47968791033174096
2017_4_Original5S,2.0862868562135146,0.5576534705217027,-0.22941876505460726,-0.4360450211702604,-0.7647613422912559,0.2786253683602522,-1.1818642847389629,-0.22322824921942724,-0.18073426408267687,1.1078336178181,0.2617806602424227,0.8707246632362723,2.065906780382395,1.5285272268879329,1.9311835617383546,1.0306966145219305,1.4689920669452603,1.4303682045186836,1.2935904469005581,1.3303341996992661,-1.1057845047424466,NA,-0.8124038404635961,0.6669202416298763,1,-1.4515545760842508,0.5204084460135531
2017_5_Cover5S,-0.9983667503459053,-0.07304407009521219,0.6726521579137447,-0.8389138120784448,0.9396716617581842,0.2546171235704949,1.199276063611378,0.1728890301492969,-0.0941801379962757,-0.7717160340396676,-0.4226725333252816,-1.7325092017526167,-1.1202498058674577,-0.5809349164613906,-1.1328361290963764,0.1895276933550433,-1.717069337480435,-1.1110118026985851,-0.9101351632060194,0.13513092964924917,0.44811324066379643,E,1.2186057606953942,0.6669202416298763,7,0.23084764966416627,-0.7826486958044214
2017_5_Original5S,-0.16764013133943767,0.38565864682699835,0.2683508339471947,-0.05821945591073037,-1.0492887830304267,0.41462100712640854,-0.7429389981149526,-0.033259261722926925,0.32525906283487593,1.0893675747033666,-0.042294862159845785,-0.2895089782314318,0.7846286171596398,-1.217295199986623,0.9634662500370796,0.43413068665840426,-1.0955592306245854,1.8555314014146158,-0.04882715941237167,1.8700880606838717,0.06387669876622915,D,-0.8124038404635961,0.6669202416298763,1,0.03778509916844688,-0.6401268209180809
2018_1_Cover5S,-1.356814608187156,-0.16326139262630357,0.7962802960712945,-0.2834544057436037,1.2625665914243123,0.25400134464742113,1.7766687678638498,-0.16884943198547384,-0.3082281149740678,-0.7026309811820663,-1.115031288025661,-0.7785383913277026,-1.4798389514722083,-2.545309003604063,-1.1986048697854799,-1.4367422552329883,-0.7305854676012119,-1.7560508467774354,-1.0751045641037746,-0.22231257513907676,-1.1057845047424466,Gb,-0.8124038404635961,0.6669202416298763,3,-1.4515545760842512,-0.39580360682721005
2018_1_Original5S,-0.9170237902687726,-0.5791533203339658,0.21536069240908456,0.2582671292805599,-0.05409176262089929,-0.11720073269769227,0.9247572140664378,0.25404903457035216,0.20772301012198302,-2.4236795519805043,-1.7142634631599771,-1.2419977768133244,-2.3962851318324847,-2.6142316151772875,-2.9424817935028553,-0.8294485924778932,-2.7034550378954814,-1.452243313949065,-2.1080078345724607,-2.2148420472095696,-1.1057845047424466,C,-0.8124038404635961,0.6669202416298763,1,-1.3136527543015937,-0.19220092841815176
2018_2_Cover5S,1.2100929099749587,1.4463180189436093,1.5267209672864213,0.802586819951065,0.3352867579961398,1.6213507431860934,1.0393853266537425,0.6140375941439826,-1.2620885143905323,0.5001971025502735,-1.291846699689226,-1.6004960157765267,-1.2594527172601147,-1.0733474695180059,-1.564496542727962,-1.0039241027959747,-1.53588338984702,-1.4991721673375178,-1.2674967736934721,-1.9645336501788484,-1.6605018759423182,Ab,-0.8124038404635961,0.6669202416298763,7,-0.07253635825767901,-1.434177266713409
2018_2_Original5S,0.7288150615326939,-0.6913294615301641,-0.33103900396045177,2.042393409457641,-0.8613670866282509,-0.3977460664880712,-0.31565418266862516,0.17848971905144828,0.4608850038623865,0.8646859436574839,1.5051968507675135,-0.882376264434183,0.4063283596763212,0.289903725364957,0.6915194289847854,-0.49876466848817635,0.8240733247160001,-0.3286774020236977,0.41052447133391423,-1.425029563315065,-1.724652866964048,Ab,-0.8124038404635961,0.6669202416298763,1,0.8100353011513268,-1.3730964631906915
2018_3_Cover5S,1.086980691430657,0.5196987139072694,0.3344778244545336,0.014157481930204455,-0.71417731376828,0.5078798117951382,-0.15553276770872881,0.8575704001942653,-0.7307497574072538,0.5618613460782224,1.7744521355790353,0.02552782613898036,-1.1728792097722294,-0.21297773179201399,0.03719215439879501,-0.2911045766105871,-0.42141228179862417,-0.7114679752687396,0.47187650897495836,-0.17487352400171344,-1.105784506879998,Bb,1.2186057606953942,0.6669202416298763,1,0.2860083783772298,-0.3347228033044922
2018_3_Original5S,0.8628511476130831,0.6417166460493965,0.647979392564822,-0.5171202744372866,0.5987078387154198,0.5248834816112812,0.6184694828328386,1.2682571248604004,-0.7385776249305629,-0.010910088353269936,1.4325898264534407,0.9212738301149807,-0.4871637844076312,-0.8163274395513608,-0.49495142161232575,0.7423644390146603,-2.042133075272291,-0.6129950839804393,0.473752774921011,-0.17857180051480717,-1.105784506879998,Bb,1.2186057606953942,0.6669202416298763,1,0.699713843725201,0.6222097852180822
2018_4_Cover5S,-0.08927666812090009,0.6488543010147636,1.0961162533256117,-1.1282943162003871,1.513829739269114,0.7234409901983303,1.3941135616226652,1.4458584793040268,-0.8404970409742457,-0.6553368119126214,0.7468933454791415,-0.49897154949910266,0.7461578568629988,1.175028740502634,0.25306004494137596,1.6166403140368668,-0.00271012283287892,0.10868125477785134,0.1638889178311308,0.07142446234553271,0.44811324066379643,f,1.2186057606953942,-1.4844353765310145,3,-0.7896258315274967,1.1922972847634459
2018_4_Original5S,1.7370241700075235,-0.6654574936452484,-1.3054010347531222,-0.03787324222178811,-0.3324079621824949,-1.0842377832320984,-1.3406754200682491,0.4717489980288937,1.5105397792268627,0.5938134198411696,-0.408649912013783,-0.5222278499996439,0.8576682134528172,1.0151463585773008,-1.1884163443389963,1.7654674976484699,0.6284653348992048,0.0748492150723985,0.78160279131149335,0.8042823734716464,0.06387669876622915,g,1.2186057606953942,-1.4844353765310145,1,0.12052619223804038,-0.15148039273634045
2018_5_Cover5S,-0.0915984283441243,-2.6689238076903004,-2.48524438237048,0.7107028969938696,-1.8542852823485656,-2.633074938590723,-1.8847136142190395,-1.6845423849964516,3.199197210173825,0.4652561497023376,-2.48963816451253,-1.0680025596614502,-0.8241479969752976,-0.22410640076847244,-2.3970233148397373,-0.7870945890893561,-1.6104126237639227,-2.4524671628397012,-0.7589368794422219,-2.4223342178741443,-1.5931433390033398,a,1.2186057606953942,-1.4844353765310145,2,-2.0583225919279435,-2.085705837622396
2018_5_Original5S,-0.8055621225363431,-0.4246313266292549,0.03210562462899896,1.001678986199011,-0.12008066242762842,-0.3394279093930348,0.29420704893408006,-0.8596988930458115,-0.44826062931861965,-1.9974100717503616,-2.0584984432195657,-1.3176080088303002,-1.9066443279221974,0.29757986326333374,-2.258551801404311,-0.9330067941144434,-2.1194545269353524,-0.4086700696112533,-0.6944645793829194,0.13571596208201087,-0.9027183246910541,g,-0.8124038404635961,0.6669202416298763,1,-0.8999472889536225,-0.8030089636453275
2019_1_Cover5S,0.3999970820519004,-1.3604985001881718,-0.8305531237255862,1.4218193483966293,-1.0991794247178066,-1.1823531475365285,-0.16793244405909372,-0.001136054244106175,1.1455769061915955,-0.7561543122115887,-0.41477145562439394,-0.5230248871744099,-0.8118173371013474,-0.2751669830802302,-1.0163817574016718,-1.3340533198901237,-0.23227585279169974,-0.18056594233025786,0.30841344991118397,-0.4423306842177588,-1.4477907057613126,Db,-0.8124038404635961,0.6669202416298763,2,-0.8723669245970913,-1.0880527134180094
2019_1_Original5S,-0.5719193737597396,-1.9041045631121016,-0.9324299896827344,1.1708550140944234,-0.21029386285815524,-1.381331538191316,-0.4772226528403983,-1.1020168231347738,0.2731245416631884,-2.785364185328946,-1.730146938129624,-2.9831289568916772,-3.8029154468000765,-1.4488037564650837,-3.8961489596590693,-3.1033736773890968,-1.2074304718032216,-3.3226655112426604,-0.39612805263906126,-1.7015822748551919,-1.4477907057613126,Db,-0.8124038404635961,0.6669202416298763,1,-0.10011672261421138,-0.6401268209180805
2019_2_Cover5S,-1.501499013811665,0.3855003928570213,0.4744505957971085,0.18757218499494405,0.24212166933940274,0.31341794859536837,0.4029489760480764,-1.281915385907866,-0.7362909284002304,0.23017944778533672,0.6679977961973905,1.2809598078799693,0.514998002443663,0.6820286275809111,0.7437089009671219,-0.018122725487943386,0.3661521895064326,1.0474393115689595,0.22174307049957412,0.15498546783608402,-0.6725766518285908,G,-0.8124038404635961,0.6669202416298763,6,-0.37592036617952546,-0.6197665530771753
2019_2_Original5S,0.1833805749122722,-1.0925232082654937,-1.0348059663198463,-0.1778734958656539,-0.813128083182636,-1.0078314428195934,-0.4009207397165298,0.2139441674438943,1.285755015446337,0.12225415938369195,0.5988123010856377,-1.0798201135804526,0.6109913371627473,0.9567492785759496,-0.3858622027642965,0.4800016324669573,0.8443296605775051,3.666498182243286e-4,1.0804013542286512,-0.7916742697181655,-0.4095575980447266,G,-0.8124038404635961,0.6669202416298763,1,0.313588742733761,-0.21256119625905742
2019_3_Cover5S,0.9375835801495959,0.8183040152464621,1.5363067861021145,-1.8964900892384167,2.3198385279114007,1.2061585831402222,1.669065941910003,1.5610356524998266,-1.5314171286424003,-0.35520877281200647,1.3747644296193493,1.2949712077786706,0.2751591794526214,-1.1383520183613025,0.8287079982443364,0.64772185415353,0.06343534227478287,0.0822210508499241,0.7276917568417621,1.0406614596611752,-1.4477907057613126,Eb,-0.8124038404635961,0.6669202416298763,3,-1.920420770145286,1.558782105899751
2019_3_Original5S,0.3742852337105561,-0.8879293662282872,-1.0948106273830873,0.38806294077705983,-0.6149549368594754,-0.9253205825927175,-1.1898130180983058,-0.4416260723471997,0.4443780412846897,-0.08919025702649953,1.0977338150126275,0.1793900401629511,-0.5041863468014232,0.5080621061927797,-0.38330815423210557,0.7800468151088897,-0.847287241075808,-0.166226918137489,1.1723860122177219,-0.50878404074576,-1.4477907057613126,Gb,1.2186057606953942,-1.4844353765310145,1,-0.3207596374664619,0.15392362487724787
2019_4_Cover5S,-0.12491993408786968,-1.0484863586739819,-1.4391551733142691,-0.1156156280311569,-1.3309862123169982,-1.4396963382397576,-1.4682821607583776,-1.0612861448540232,1.8069821872999456,1.3416355065141956,-0.7126049819022415,1.065766790819254,-0.23631433760040998,-0.9976030421595975,0.5908550480527563,-0.8471321809283712,-1.21092442036415,0.8941012516000872,-0.8404480261059623,-1.0019853316722676,0.9055376708745949,g,-0.8124038404635961,0.6669202416298763,2,-1.699777855293035,-1.780301820008808
2019_4_Original5S,1.4915166348374147,-0.08388226419843539,-1.138159651606707,-1.2105692854283878,-0.6917293009509847,-0.7512456052359355,-1.4596210496173325,-1.2442120289699112,0.053334688688371074,1.6659610882004916,1.6576685516813454,2.2540057716000144,0.9662586183468338,0.7653131822249892,0.006266404241246269,1.1969670340950618,-0.8702043091003264,0.8922924281098186,0.0577466250624283,0.20555385395010103,1.4592620103804794,g,1.2186057606953942,-1.4844353765310145,1,-1.3688134830146572,-0.5383254817135513
