song_id,0,1,2,3,4,5,6,7,8,9,10,11,12,13,14,15,16,17,18,19
AChangeIsGonnaCome_SamCooke,-0.3740169280096418,-2.0939543316428093,-0.9834039005581299,0.1723422654945318,0.2291167149673207,0.7274425625058373,0.842295894011051,-0.29143221033361466,0.13102608594710533,0.25805143852465195,0.18488964635417707,-0.17302782947672393,0.4014216634642911,0.9078412873081374,0.4142189788328378,-0.08211246268708981,0.27307385374043797,-0.31448593866127095,-0.2186642138316285,0.011599547189533868
AnotherOneBitesTheDust_Queen,-2.7671739565427727,-0.22217154218552243,-0.021951134794018282,0.21996758865897123,0.673919757988275,-0.6979739665655579,-0.13047604861917866,-0.7133097684215182,0.3149952803538535,0.739457824355303,-0.33503917896521374,0.5695636645313351,0.26962950210477205,-0.3752277520007467,0.3860796113850747,0.10284896242455853,0.7469841893130661,0.25143408237356846,0.22793645654388048,0.04609525011999598
BadDay_DanielPowter,0.08341755439836177,0.6834859623377831,1.0495022727207264,-2.687583957799347,3.171424480113116,1.8385288055577917,1.5205562876766863,0.8721813717104344,0.5697320402438436,2.0788857607650426,-0.3656110627618547,0.5554980127914604,0.7102010866441906,0.1290538860608285,-0.5140920788329068,0.1715669670382886,0.8776844329628578,-1.008612746822426,0.18472019981500826,0.05977019748049727
BetteDavisEyes_KimCarnes,-1.6554060421456325,-0.250530462102653,0.15363711494369203,0.21282983330796304,-1.3783210741972916,-0.14165699746739277,0.38130979655009634,0.4116308309003066,0.25104563316776984,0.8278449142904375,-0.07404688194972425,0.1937617558070812,0.5955946098898621,0.7942701802809828,0.24880310021659113,-0.35431346327849766,0.2596022734313548,-0.17612021918587403,0.07533348236441645,0.05940319461821297
BlindingLights_TheWeeknd,0.4943513991633256,-0.7412907679478085,-0.9913936910002643,0.6501186147462157,-0.14192645687089805,0.8214186092488793,-1.6118153778933104,1.6005166252734564,-0.7363780405363327,-0.13805020111858815,-0.5770319063803304,0.35819209695957277,-1.2763840390211574,0.7449340240897088,0.18778869084336436,0.14896999872994085,0.25356752492549134,-0.3463186301651265,-0.07583040791018981,-0.10170187346457639
BlurredLines_RobinThicke,-1.5178728540259185,0.31622276943622774,0.3869669883191406,0.19562317914164482,-0.1903129255548914,1.347868330299931,0.8629728648471267,-0.024112207425921912,-0.6276860802314113,-0.3638628144619206,-0.25558393508548166,0.6243333933976234,0.9742493880767656,-0.8304615973616266,0.280555190442149,-0.5692889579826136,0.006376427823921185,1.0603801669258908,0.13570407680042665,-0.08107349166654805
BohemianRhapsody_Queen,-1.5959777400670825,-0.8625804938324166,-0.9840051091131277,-0.23373994635274087,0.1552979750687549,-0.2416926518911619,-0.5075736678758266,-0.2379718943240302,-0.6890291232593453,-0.5470692400380293,0.5964388551646029,-0.4991606235713298,0.47945789062467664,0.23764011959548645,-0.7276094490417591,-0.11582486341621964,0.43557990789702555,-0.8815334606812362,-0.3023484424601729,-0.05341872168218386
BridgeOverTroubledWater_SimonAndGarfunkel,5.507395776552992,-2.6076907529734363,-1.2165503196047929,-1.6570998318656955,-1.0437223840207897,1.345350507418515,1.2333666445660734,-0.4172928466362435,1.707617285451734,-1.093314527688259,-1.1431070201205022,-0.7558986948748638,-0.45786834114296476,-0.41733647697193477,0.03692994274732705,0.059800121218046266,0.06209745542948877,0.03636580410716792,-0.24067039145105742,0.3471729721081952
ComeAndGetYourLove_Redbone,-0.5613064850462324,-0.1386224849861227,0.48259391156388376,0.7800021938311286,0.9728290046845398,-1.0027552566596698,-0.0769773935264715,-0.7763606624630108,0.9073864902935483,0.08371960674549192,-0.6588016649937114,-0.9545753225107754,-0.7594866291336787,1.2069819994790172,-0.26392750219082,0.20980143246694674,0.4282028319042731,-0.311787077856245,0.2860805334696608,-0.0788222378424081
CrazyInLove_BeyonceFtJayZ,-0.05901832769896583,2.1349129112985317,0.11031525721790854,2.340275388088943,1.9477929798302271,0.09989117347012424,1.8544812059389015,0.014400709688042619,1.4338401779020227,0.15785067444786788,1.2951764845720104,-0.0978456628653978,-0.49548318801228475,0.13085759682053683,-0.4957214984584138,-0.04913605005977253,0.346500093710643,0.5571499650089647,0.2616116133410884,0.09605392632946096
Despacito_LuisFonsiDaddyYankee,0.732447122547656,-0.7160810964352678,-0.18303313633923382,1.4910509556085132,-0.2233120362542834,0.32936005974402777,-0.9768986557525488,0.06956320908428901,0.29502215347554683,-0.5378727580441718,1.1382743997139737,0.038555506669517535,1.6726103946949806,-0.6234537179808218,0.007382049001488186,0.9051020818182267,-0.07220982745275295,0.578956159850159,0.0627648023016877,0.09305322137740742
Dilemma_NellyKellyRowland,-1.052062514143959,-0.8234088091818724,-1.0753944575088763,1.0890059858527454,-1.5054854052384126,-0.25224121688678985,-0.6144320119833283,-1.085020928169601,-1.1516492418810615,0.1911227580216172,0.29197917584020433,-0.5568465918215116,0.30818805215467027,0.569715584556913,-0.1110845827089258,-0.5704343932189605,0.571472860915844,-0.7408633041816108,-0.15516370572666616,-0.09196638586376284
Dreams_FleetwoodMac,-0.37249000355762685,-0.841297718271252,1.6006994200603613,-0.8705554941890526,2.322603629117112,-1.2841459742726855,0.027908815170007425,-0.21771889335632424,0.46143955034176903,0.34671149144766156,0.3770183059676595,0.16654417955816553,0.4625169616632385,-0.3500683976299153,-0.4783235382972884,0.37950290682721755,-0.5235596192759018,0.09542709353738989,-0.3065645029199534,0.09802827339664383
EndlessLove_DianaRossLionelRichie,0.13712304545624593,-1.9631644858096644,-1.1989855514631838,-0.1491044214764426,0.356805862531709,1.4734915309850891,0.348482805301606,-1.6477665801723296,-0.6397041788146882,0.37377439468202694,-0.3770993526928795,0.2435447789359762,-0.1256194715050636,0.3206286696104059,-0.08775846065400796,0.24222795651487658,-0.1409985165728495,0.23533100523782893,0.03361620276641055,0.09483489184018258
EyeOfTheTiger_Survivor,-0.7926514799202661,-0.24863454108760705,-1.0920804343163206,-0.31959224631621336,0.17734239042301342,0.7487736873166567,-0.28385650764407533,-1.434858114832223,-0.7684271323490054,0.13839625953057366,-0.3176507064424185,-0.14020325628700459,-0.39492228220845454,-0.594927794682376,0.48671754819420054,-0.6673014621461812,-0.4829834432243857,0.1169834125946142,0.1806504321548276,-0.05928951708552412
Fallin_AliciaKeys,0.8886972598100628,-0.9299543744382675,1.4189519219322309,0.5493860376259002,-0.6551148260516197,0.8494126524155791,0.5453715062897267,-0.7943074481074248,0.1468901768177063,-0.15220691672778,-0.1705153481463159,0.30152067657594633,-0.27442454267219346,0.9500516972910875,-0.003012144863090846,-1.0598853265030317,-0.711397769683337,0.12179156834694811,-0.43358825796735323,-0.22085776131536386
FlashdanceWhatAFeeling_IreneCara,-1.5164761777650346,-0.6723288658206925,-1.0787041972846836,-0.14333277424197366,1.000636076031168,0.7404033422233944,0.19616570144140943,1.0230329207918767,-0.10578731379359356,0.700642767623836,-0.004089367958067137,0.35418336295015496,-0.2196549021742486,-0.07406816927318505,1.3746793509947404,0.228041418711125,-0.7508500333088599,-0.4093131550926081,0.08018293570044617,0.14240640097627344
GetUrFreakOn_MissyElliot,-2.169716737529932,0.7386996798536496,-1.1567147367768955,-1.378793700766763,0.4771409702177963,-0.7837564084319657,0.6172290382395387,0.06984444492455254,0.052055245258187596,1.1068389735819855,0.20865347032044765,0.5454635617198046,1.1648893394459174,0.18364194662139421,-0.6640072347599637,0.2304609763484463,-0.32452842829109557,-0.0706988521357387,0.19411126100222997,0.02372341479252137
GimmeShelter_RollingStones,-2.1169775920204046,0.13450287876266323,0.4259498760340219,-0.7629670773440436,-0.3790736356883199,1.1983338108266075,-0.14978127159859256,-0.66848872261949,0.6241860658935525,0.10377829211887456,-0.40426736443451444,0.11473364877314257,-0.14322322757038755,0.5302518090698242,0.14182121720157512,-0.3270712583932815,0.1264648345569885,-0.1924185386275507,0.16013779459877397,-0.06657515200555601
GodOnlyKnows_TheBeachBoys,-0.3653383502163949,0.612496060723351,0.5357401924069389,-2.212706697410653,0.8044478519059983,-0.4407773783797929,-0.4634551659878533,-1.149641993964712,-0.3402412219745712,0.24816170153493902,-0.18212872665465735,-1.1486386694237982,-0.005478602954015074,-0.633934101612293,1.5813551342156325,-0.13651511477797001,-0.009772932278461854,-0.22343367910959455,-0.5478270015466414,0.017378975009304645
GoodGollyMissMolly_LittleRichard,-1.454374255344318,0.9257652191629105,-0.2594360104695809,-2.292090534759254,-0.18625975881861576,0.18999690253986218,-1.7924754265601825,-0.4382607108666241,0.02066462488825435,0.5072831790550126,1.156919582357551,0.22541308894887765,-0.5184893796331518,0.37364671655101994,0.33004955857142937,0.2728283070965423,0.27582239149949017,-0.010258855570619296,-0.2423093431858651,0.036986280954107636
Happy_PharellWilliams,0.37479629873017006,-0.4882362937262096,0.1913564180339322,0.9717875898394963,1.2578134292848842,-1.2505585230515086,-0.42054340623145225,0.8810975885268202,1.1425410831583378,-0.9922914197052475,0.0877438594427345,1.6670802189719343,0.27175385924203954,0.2530346905508295,-0.31811631587851585,-0.09706945956250644,-0.5148823636060506,0.07180815290812445,-0.0755924546513086,-0.10388066259904585
HeatWaves_GlassAnimals,-1.7615177580237276,-0.8471429342620104,-0.2791558674738578,-0.3360227683458087,0.22053077124382853,-0.8926150602825033,-0.20693128827518606,1.5728736895948117,-0.9103434368753125,-0.3135660597876817,0.7912661373961947,-0.3125652408982891,0.48542155165788947,0.343146868454379,0.588100181112826,-0.6467575715512153,0.4744738058725417,0.48602093498289883,0.19121384370701344,0.11519314526684164
HeyYa_Outkast,2.6281862216941283,1.037950712278793,-2.8003490568193627,-2.880377207634601,-0.7975376294796087,1.0593530669562172,-1.2439008303375543,1.807654347454378,0.8457118475647842,0.7469376599332558,-0.024775414386072156,0.6888669407206721,-0.09587808248158633,0.753397231820107,-0.9162593412777101,-0.4462826882589513,-0.7199291780601046,0.04772354117167232,0.06861739180593089,0.00155441968538812
HowDoILive_LeAnnRimes,-1.054442415733811,-0.3187730177571927,-1.384299675001573,1.284116574229439,0.9229873246438244,1.5227423178755077,2.30630369061929,-1.2790085296324738,-1.0017084161696563,1.0654269949646693,-0.02825489375812623,-0.6776578639068781,-0.3569077133478731,-0.05478968121698082,-0.27079701497740044,0.11344130496336981,-0.1701792763375797,-0.061449420809279134,-0.09018303715280804,-0.0888597150995974
IWalkTheLine_JohnnyCash,-2.205704545322438,0.2678534927682936,0.47511576813885315,0.11367146549385328,-1.2246178061586346,0.12189340946217263,-0.009353499455419453,-1.0312562933122416,0.4732273370370478,-0.5591343537023722,-1.9647134869992333,-0.532947480324107,0.14513724299705819,-0.502466911907095,-0.36993667675126024,-0.25745489352567336,0.0014059871911691025,-0.10380986896138189,0.4179567786550862,-0.03150058048210191
IWannaDanceWithSomebody_WhitneyHouston,4.774186304751287,-2.998126107832937,0.30507531779942637,1.1333110396820107,1.489100969041616,-0.7540600583679131,2.060891910965993,0.5726421983866825,-1.3231715699064406,-0.4057495485626618,0.06974775364744829,1.1954104535787027,-0.6156113356795658,-0.7267467230744253,0.35435489145328114,1.1896751161451058,0.45411078650155484,0.12570944637576784,-0.0015994734123544305,-0.07204571512818031
IWantToHoldYourHand_TheBeatles,-1.0234142359057288,-0.2792010665489681,1.5026160168653053,0.2811366461088463,-0.00951392220330486,0.2658671544861603,-0.08477847100875806,1.6612642880796882,-0.15692355768902708,1.374631940495482,-1.4969254534939789,-0.4250426146398278,0.19061332978700662,-1.5136054981775737,-0.10884402399652279,-0.6703092518980456,0.8479577417115842,0.5603715889119245,-0.5346363655961875,-0.014696820638761623
IWillAlwaysLoveYou_WhitneyHouston,-2.70076805629286,0.41113082876003615,1.3684948517154432,-0.47517806190975126,-2.592325454528964,0.9392508412742041,0.3860412350571704,0.08387007541043558,0.2788815651641704,-0.4225456635889925,0.5808988560701293,1.1772247515991692,-0.8747153766091937,-0.4993580283487202,-0.13916173501189802,1.1197213431935942,-0.21480971825671247,0.1372810940404877,0.15538122969797807,0.033063431544902704
IllMakeLoveToYou_BoyzIIMen,0.7578691933742879,-1.2867859525786234,0.6757131958875636,-0.04437666100853618,-1.636521366214709,-0.22058105642479905,0.7154769927666523,-1.3739842298943428,-0.9686623182261637,-0.1650952186497187,0.05106346791722573,0.14880872911965398,0.9895658950939046,0.0376882495628547,0.46101965089091573,0.7843447624393269,-1.2621354308156985,-0.6688415461045978,0.5457010414893029,0.01175534103195933
Irreplaceable_Beyonce,2.0336705714432015,-1.8519082779008174,2.87548872074134,-2.9706372176318214,1.6997535223892613,-0.13664602363209002,-1.6235849222818288,-2.3768289215623013,0.9148718507521345,-0.010673675196511403,1.3496689333921168,-0.6241205716407207,0.2540245313206931,-0.08168089711541514,0.127894244530446,-0.3485125322642839,-0.16550639699522504,0.23477176294881152,-0.028498212761173647,-0.0907824860262962
ItsAllInTheGame_TommyEdwards,0.7919942246259539,3.0653718069261497,1.0359678199878777,-2.9759182967628552,-1.9047253808709987,-0.6874626395070423,1.0036151818300072,0.5539500816471148,0.5239072739063168,-1.6947209542560038,0.2844121869045052,-1.4643241702104042,-0.491131193941135,0.17425606585846196,-0.6753570641455334,0.1211655578278075,-0.14423507215365247,-0.19983358599241374,0.1529870673787629,-0.01095694956447963
JoyToTheWorld_ThreeDogNight,1.9787476718148713,-1.459024584503087,-0.47734040104889736,-0.4997063714085605,-0.7294630986883134,1.520518678800172,-0.881504109853868,-0.17845300298870484,0.40791209985836535,-0.4344306411765317,-0.0577346379090578,0.9986537945568272,-0.5933788498479953,-0.38486054181032614,-0.6184548662952449,-0.24640625413688846,0.3895195172610465,-0.07230924004229082,0.34158689472560655,-0.09836525523555226
Kiss_Prince,2.7835043391921928,-4.453155864323007,-0.5038745976508126,1.2407745646765,-1.5280706564141575,-0.29461320794280427,-0.681830359341608,0.5768354487628038,1.0876163939678705,-0.5110768307711753,-0.19011516522272945,0.7853075326285799,1.4507253643457942,0.23743753826995337,0.3991770093865083,-0.7670801888950821,1.3619751286911077,0.05405638674555481,0.008038146962992949,-0.07197302871632165
LeFreak_Chic,-1.3322900448828359,0.9047103125163182,-0.22697041340844978,0.6160803588711108,-0.629401587891826,-1.3272704094286598,0.9528493609761146,-0.7844131349587202,-0.4468813000185069,-0.05950374183457982,0.9564363833406169,-0.2071953959272707,-0.3709216743605338,-1.1734363675440904,-0.036128582927373934,-0.18826755582441881,0.25529376682017757,-0.20730513532909467,0.15374439934479503,0.048616212451940026
LetsGetItOn_MarvinGaye,-1.8870453906149856,0.2862080153465173,-0.9841934387882046,-0.865702520849572,-0.1779710767380017,-0.6829919250533494,0.510982155716399,1.623062250192291,-0.7534664993640418,-0.6444070186941211,-0.15289648943151835,-1.035498384292114,-0.1632637836493929,0.2225924626701005,0.14648720263084955,0.29401280324392187,0.200976593018525,0.7892021534936406,-0.2733315577794919,0.08708021500004043
Levitating_DuaLipa,-3.3851533551825055,-0.6187867409146924,0.004813925064655688,1.023323549911281,-0.5604540948326049,-0.7070566820710923,-0.33735775250249717,0.24536563057825958,0.3217220305264676,-0.29204145010415966,-0.31983529391901167,0.013230132991817103,-0.043591832007214185,0.27951308165974525,0.007226128248961534,0.021592324198284392,-0.4886928347835824,0.27383264156241166,0.04168136538798021,-0.047894157512819044
LikeAPrayer_Madonna,-2.0599904377098572,0.9804597757687524,-1.0436100592921285,-0.7065801219703789,-0.06771570178315506,-0.14090307701987043,0.6259768750520947,-0.3955752525279799,1.0108840341368381,-0.06227973768573139,-0.21662085854967084,0.5958491734138229,0.4541468333017908,-0.290138732524455,0.5143818772290978,0.08019673124056638,-0.3912205709916349,-0.10203001367545447,-0.21664007866558394,-0.011778309669282682
LikeARollingStone_BobDylan,0.49526253891120814,0.39658157865989196,1.1763938072790738,-0.6240484160199607,0.0928332002134362,-1.0906439853194883,0.2594117947263844,-1.1407234128715462,0.6274886714802734,0.8833604221685318,-0.04969481181096172,-0.2331507862569635,-0.5136453128177896,1.747068445998378,0.4443088758389168,-0.32168965338896827,0.194610236593054,1.5010579169708842,0.33639824716931743,0.10278797202361854
LivinOnAPrayer_BonJovi,3.120685149896255,0.04968414083449491,1.8613521035827418,-1.4306910118151779,-1.2871913743303196,-0.07218112183610201,2.3824720563567885,-0.26818474434039147,-0.7425706767140746,-0.7447358967106643,0.37192721468742757,0.4545887135099928,0.43046152372537766,-0.3644083911513835,0.5024738087218605,-0.4877855952911784,-0.10599624145208779,-0.2474459611198775,-0.15576649013445432,-0.12763457523292593
MackTheKnife_BobbyDarin,1.0869573376220207,-0.8001218581233234,3.6732219264439525,0.2105604878914518,-0.446347806872962,0.046055953523878895,0.5808771055266408,2.381756991023661,-0.532657894428945,1.167245382677978,0.6597820028856033,-1.572026630730715,0.8332460023401935,-0.17511930036599496,-0.6504934523125617,-0.15574647486025792,-0.6019196148576457,-0.022778277702772604,0.3098279775549952,-0.07189293782574259
Mood_24kGoldnianndior,-0.7465009336417003,-1.1397315921712126,0.8876014608091289,-1.1661527214093244,0.43546039631293265,0.2339123103906052,0.028422563601540978,0.672082007137905,-1.7029196634220893,-1.3160010389044503,-0.29510856225003435,-0.9224369691889204,0.5460637436075423,0.7374792918927547,-1.372986027954776,0.3626174080966603,-0.23849018085409748,0.3989117037840165,-0.2636842890556832,0.10457628505908366
MyGirl_TheTemptations,0.5224286009204313,0.7733107116143803,3.078697242360034,1.6178323126428114,-2.9450797659508634,0.6009447506306931,-1.5459929463426323,-1.416376066289802,-1.70435712358814,2.196463665529451,0.023626836064888503,0.5465950712831874,-0.6086198303628955,-0.8181809244712327,-1.136713493170926,-0.4428091987561451,0.0175549426198605,-0.018051373231803624,-0.08415215679530318,0.1773528106593533
NoOne_AliciaKeys,3.4378331884418296,5.554403223850701,0.6676892728244118,0.9214702208270739,2.089027418289652,-1.3369270767182793,0.3651698054245279,-1.4497229564538878,-1.1592307239306623,-1.0546250003456694,-0.9968046568520058,1.5627465289716045,0.21142131375323725,0.7173859040029794,-0.3673809834644752,-1.0041722891397926,0.19726377232347744,-0.16414259891926225,-0.2758959763521114,0.17316646667305766
NoScrubs_TLC,-1.160362313741092,-0.6740487298812365,-0.6926523204100937,0.3964561049938495,-0.04360874530837214,-1.2886226491416357,0.3243416451458503,0.17834991622750437,0.8841360307066425,-0.9648878696230287,0.5274315760088938,0.7683098212773409,0.20566128031501785,-0.6496376344067073,-0.08995081278892195,-0.6164797790179833,-1.0356594628991171,0.020761815826650244,-0.29365090942005245,-0.08029423530380615
OldTownRoad_LilNasX,1.5709997875603887,4.1855893033194835,-3.5598378869482077,-0.992301477696675,-0.0017259233796300495,2.9852449130768264,-0.36529270657373875,-0.6152603979485316,-0.18236014411464443,-0.5723693443615396,1.1104241991694455,-0.28793269817435935,1.1096154880039957,-0.5727394030917881,0.19871466045287495,0.08373268185902302,0.22055309420541575,0.9342452606883277,0.06039326917319813,-0.14087123660090858
PartyRockAnthem_LMFAO,8.668057301750506,3.095197109852995,-1.7095152841150905,-0.29710832769363893,-1.4972810852950496,-2.007744193011805,-0.22407834028648105,0.7488791516857163,-1.0779562161101361,1.1498080450664223,-1.0742744798616826,-0.04157262193366147,0.8061804684956336,-0.005356312455098221,0.14465362973592621,0.22384085794457217,-0.04408230612532122,-0.2639435104613435,0.37381876530253333,-0.11115887176752176
Perfect_EdSheeran,2.0964898754528116,-0.5752527444860059,-1.9246339381337396,-1.2692261050277858,0.9123641913433763,-1.0573387871106636,-1.5513829407060595,-1.4524681153084804,-0.3488171104988357,-0.08629585857417109,-0.5609117593361386,-0.36575493613633275,-0.8593834443541086,-1.048095415560541,-0.68023065584347,1.4046364348656992,0.7270757346506809,0.20926165922999837,-0.042608096068787175,-0.10087291597494295
PokerFace_LadyGaga,3.1871048905874675,-0.2691761847313228,-0.12809252145136615,2.725443688163045,0.943989956234019,1.71263782842028,-0.4429333838723694,-0.2110879854324625,0.01084825899968824,-0.05452141257317331,0.6564746733845049,-0.09733368365888244,0.11640583611232176,0.7797560603509485,-0.17183266546785295,0.24552410179416928,-0.49229796028036404,-0.39376555775958333,-0.14004007542004526,0.17108076966257027
Respect_ArethaFranklin,0.08844568389958413,1.15724393287129,0.6389954343728848,0.39678674693483346,-1.4992876826086177,-0.04492839240644773,-0.23803717951874873,0.5265342494511053,0.7441028700647493,0.34787543444614055,-0.17918067262589923,0.34732727515803274,-1.4628531446777095,0.24718870457630945,0.9106356368220991,0.6085858337268072,-0.5400717419002036,-0.341670895923294,-0.15684909692534935,-0.04391367205743609
RockWithYou_MichaelJackson,-0.9159090735504434,-0.5954675751027239,-2.052433470175348,0.4581588811163478,-0.4619417196633766,0.8385088594088472,1.1843729515162786,0.47545667776503203,-0.4000679960041314,-0.9205670221108472,0.518785323640416,-0.7956783070203217,-0.34923076800288155,0.12201428600208437,-0.9038168783848329,-0.35085545598531426,-0.01815636112637223,-0.46703141495871264,-0.3585946131338581,-0.04888403127602747
SaveYourTears_TheWeekndArianaGrande,-2.3417710406474423,-0.18620913460163177,-1.0268045933769376,0.4716399279273131,-0.8128548261510581,0.436348426009207,-0.6759755483161711,0.6093983549545138,-0.43339238361155336,-0.08143985524906243,-0.9538912984450035,-0.2428144712396625,-0.759420405842936,0.10751013340072499,0.39830610047451426,0.026645812914671455,0.00672499959413617,0.3375862345252666,0.08350515418218267,0.1255457816334325
ShapeofYou_EdSheeran,-1.6857509922621867,2.0451379318005003,-0.5368474689851812,2.0441614035449174,0.1623208686200244,0.32749404357253215,-1.1765321838282692,0.011778743980208293,-1.2868457490508685,-0.2541093970974987,0.6080020406385072,0.22120186321120244,0.8843158583195977,0.8678048468143947,-0.05970477774511731,0.9771405149790238,0.29926561325186696,0.3290194792713185,-0.1396079977655074,-0.06699413691791441
SmellsLikeTeenSpirit_Nirvana,-1.9932126621021617,1.0943142595255948,-0.5241908670729042,-0.2607054149461619,0.5451884310952881,-0.12494024209203342,0.992712565748444,0.17887218164613444,-0.23188581210192974,-0.30802882668994525,-0.6385024107279765,-0.02694475289297275,-0.4477970594462531,0.5611498115316275,0.9382439360807228,-0.41749417538822714,0.17301732328290903,0.13409298890368623,0.29515299895358443,-0.06010299082703427
Smooth_SantanaRobThomas,0.24238275108271443,-2.6181590561895054,-1.0202032871561044,1.244635550115144,0.33368274954246363,0.27664131805354064,-0.10342722873945052,-0.01196665436543373,-0.1768592928540733,0.45444166304626465,0.8124691821526545,-0.24559676769560856,-0.20344179676558227,0.30918106001622025,0.031686231533004997,0.2663233320617434,-0.19764879434660387,-0.39575350332903564,0.09100518387289887,0.10110585739205406
SomebodyThatIUsedtoKnow_Gotye,-1.1065457864376325,1.5270355476021371,-0.2458372134233217,0.4772584396121837,-0.6212751389585844,-1.967785208850767,0.2733520552065528,0.11649883201580324,0.21256596062413113,-1.0298587445316147,-0.3497671277648284,-0.41538364700938557,0.5208922415546984,-0.25208552142809526,0.44461977271314396,0.505623253764342,0.48234417066610774,-0.6044300463028073,-0.13890867555867642,0.07126297926836893
StandByMe_BenEKing,-1.1369451450469579,-0.9664699452410126,-0.6215380014200962,1.2742424910752752,-2.2812116772407824,-0.48842704350062743,0.6079604980182695,-0.23993540827833212,0.5129496144215854,-0.07825618044523683,-0.5825118611326074,-0.07407813910240803,0.4748775872286996,-0.22013272920786897,-0.10153790945183608,-0.3413126193276232,-0.03250357415390736,0.14329600311872098,-0.007170909059754049,0.13288294648139418
StayinAlive_BeeGees,-1.845473059610957,0.1349596727888088,0.0490386832545571,0.9279070330200813,1.5087004105419322,0.20222803102851908,1.139017959466262,0.23858760905591594,0.7645223225780577,0.3816480833572974,-0.9800363168993393,-0.5359993430902653,-0.8361858345304102,-0.2563048285523422,-0.6028163185251082,0.3164461959502848,0.12525126506230122,-0.03510020664125823,0.031256196106228165,-0.26386351660146534
StrawberryFieldsForever_TheBeatles,4.759018654075535,0.45233922208805316,-1.270419823693103,0.6936361733671107,-1.0541912037252277,-1.368813015618648,0.4497105657189436,0.9117792879201777,0.44883313910930306,1.8497026697851224,2.0585019327701217,-0.5542420621126979,-1.5752446966416427,-0.2477974006295537,0.436590554249571,-0.4833280683423122,0.0017489186169455018,0.5168867632820985,-0.20823524273295585,-0.032605558027018686
Stronger_KanyeWest,-1.2184997723711495,-0.6071695410654322,-0.25993345665291967,-0.24823234678003908,1.941222323617394,-0.46611188005569515,-1.7266213290225212,0.8428362282090575,-1.0525163136209983,-1.1985292954784696,0.20996015521905334,-0.4752017317274645,-0.40269544922795214,-0.8683401571887135,-0.14134769987734885,-1.126516103140501,-0.15077563537997934,-0.3657054921371285,0.5528525654538912,0.09135688128433908
Superstition_StevieWonder,-1.1656052398563526,0.9391987087073582,0.9446689961631188,-0.007496456722834662,-1.7167355440497858,-0.27201509558926235,0.12190961103206943,-0.2817169370935662,2.5907473371210648,-0.8518571440310939,0.9418599883390827,0.6627491675337591,-0.44810532665232633,-0.14226262890757327,-0.6259109402501295,0.1693858596368859,0.9839955937369467,-0.37910285952727013,0.15825872719357342,0.040055049436700366
TheBattleOfNewOrleans_JohnnyHorton,0.15021065037936493,0.024213950600791893,4.29744051254071,-2.19281915216442,-0.45902897014221944,1.1349500941586494,-0.3024661247831201,1.02395130104078,-1.410769196555094,-0.8657144869149617,-0.19354174348479314,1.2557210022144998,-0.2996044928856149,0.7764652333070972,0.5514392511521778,0.7929974533284961,0.499337864336512,0.18274171919326976,-0.21483960742501373,-0.04216737332222731
TheBoyIsMine_BrandyMonica,-0.9058203268312766,-0.6305773310885145,0.5830727645336425,-0.15429002337058242,2.007508509004906,0.4901877226096903,-0.5578177548799388,0.7922688222053103,-0.8383671786665616,-1.051821610535367,1.2251797824210073,0.44388903669788204,-1.1540204942817,-0.8202942162475829,0.20256205047059517,-0.7273533202213935,0.0026685823217376674,-0.2496730763085186,0.39469542866050555,-0.013030814173142788
TheSign_AceOfBase,-0.17227280109757467,-2.0427866881078405,0.33466613489005803,0.05404210389367779,0.18217491627988622,-1.3060466443285421,-0.5236939226357148,-0.45727056250103787,0.454960542849722,0.41562154471906276,-0.5689186998397395,-0.9158493594735749,0.5140825640482665,0.5220154453166336,-0.05099003799728106,0.7663854241492614,-0.25992463787746783,0.7102399762064974,0.120930209080368,-0.14340423204525077
TikTok_Kesha,3.1284523206616424,3.2412777752661666,2.97018252958887,4.083831004638734,1.0688182996776265,2.121429525150495,-1.5039101315559935,0.40518138814576504,1.6845400410767435,-0.7875750772617542,-0.3284273082997202,-1.5590582407506817,0.39766317021259984,-0.2864114317095547,0.799657071964209,0.27205128134984957,-0.06952094436080579,-0.4013527502296747,-0.05552709029194237,-0.02616360611636025
TossinAndTurnin_BobbyLewis,-1.6576823992230674,1.3305112477648113,-0.453782958812506,-0.011226968431462564,-0.08407501197248839,-0.6389242717492767,-0.019345222007777028,0.23919762920540813,-1.1614734593130038,-0.022718062732947082,0.13133821416678051,-0.1829193142957925,-0.2483031423256645,0.08844808659481032,0.6199307475113327,0.21348444616014553,0.18698747226780324,-0.7086391122549548,0.1798932792232207,0.038593409862518156
UnbreakMyHeart_ToniBraxton,-1.4288785040854766,0.3810090795438986,-0.34090972856662294,1.3215822657918588,0.5146532692489992,-1.0182585903735693,0.0435776105143073,-0.18347155574316848,-0.32649879839510015,-0.01773418617351263,-0.45041687688464566,0.5994799687847018,-0.9118626528823578,-0.06646980133805058,-0.9097356315728176,0.11648603732123129,-0.5215954715987925,0.5966275375015639,-0.27191300704600885,0.006634304107611865
UptownFunk_MarkRonson,-2.2329493028830387,1.4533363911601547,-0.41176572205663814,-0.30838002760428906,0.3874185137045009,0.6184922964380327,-0.857742434425104,1.0063855149124306,1.2404311467137792,0.7238854392468951,-1.4209422485747891,0.428414068126204,0.4446179244321157,-0.7339988624235249,0.04369470305809247,0.3058171524635833,-0.7197202867634945,0.0033875363558562204,-0.17803268326526903,0.010750589683204432
Weak_SWV,3.3285658283071182,-1.946731400314729,-0.38156876518585536,-0.00257323906308681,1.934743756056635,-1.0821103449866338,-1.24940975090449,0.07091352260571947,0.26336214622989834,-0.21094446096968958,-1.1747031232743712,-0.004118875921193947,-0.13169609957997067,-0.11335526188952061,-0.07746482328911256,-0.30853728285724535,-0.5989123572190088,-0.012272572396248179,0.12797597637176983,0.03505874134681512
YouLightUpMyLife_DebbyBoone,-2.3539165060121685,0.4296391343759376,-0.6596063617280558,-0.2571310679352987,-0.16596816511678134,-1.5933964598524013,-0.5834014558906874,-0.026246976997918385,1.0269407559871346,1.2529145609470398,0.8381275483696228,0.300879739114637,0.7128919005710477,-0.1964974057296318,-0.0010333697431327614,0.051078609284980474,-0.052375005425192175,-0.6804310777740242,-0.3467975648433655,-0.03568663007944605
