song_id,mean_sim,rms_difference,spectral_bandwidth_difference,spectral_centroid_difference,spectral_contrast_difference,spectral_flatness_difference,spectral_rolloff_difference,zero_crossing_rate_difference,mfccs_offset_difference,mfcc1_difference,mfcc2_difference,mfcc3_difference,mfcc4_difference,mfcc5_difference,mfcc6_difference,mfcc7_difference,mfcc8_difference,mfcc9_difference,mfcc10_difference,mfcc11_difference,mfcc12_difference,mfccs_dist,tempo_difference,key_difference,treble_difference,tbb_difference,voice_type_difference,mean_valence_difference,mean_arousal_difference
AChangeIsGonnaCome_SamCooke,0.5541660779656987,-0.9350069491004205,0.42460335890027556,0.506157060664297,-0.8626086657136016,-0.4795967032325222,0.6008231442954319,-0.17194935741785997,-0.5641975239243476,0.9434302059591064,-0.12561241671723114,0.38117487419192986,-0.7926479072446134,0.9706939976162662,-0.5818416260648779,-0.9832871431700013,-0.5655356394856815,-0.4742249936680846,-0.1615473402271109,-0.6721660248197865,-0.6978007738934401,0.0534612619215711,-0.10106234415762581,-0.13678470698918377,-0.7171371656006363,-0.6721500682776982,-0.7181708667238859,-1.1621581906339231,1.0515984372309057
AnotherOneBitesTheDust_Queen,-0.844765444776768,-0.9988109921454369,-0.8619131474128319,-1.1480243863933441,-0.37486547831495554,-0.28424975012866865,-1.1857683601522075,-0.5614379853894208,-0.6498012690508229,-0.22393703391396896,-0.8311544174382025,-0.4177820668356246,0.3345617917729641,-0.7896148692267897,-0.7669873634265472,-0.24478671350213493,-1.0689765121377615,-1.141754391311556,0.007679777204862477,0.16563452045098145,-1.0758765537665742,-0.9867481742030597,1.6675286786008254,-0.13678470698918377,-0.7171371656006363,-0.6721500682776982,-0.7181708667238859,-0.11087897100780035,0.8997546633786289
BadDay_DanielPowter,0.31208994121339045,-1.1179451037685528,-0.6245025023825526,-0.7058776325738272,0.40552362152287463,-0.5047127400601605,-0.76311677135295,0.2514078468990543,1.0276415152761311,0.0668981172468224,1.9791772159234364,0.15367584379531482,1.665941814223565,2.695822815876333,0.7446381306748955,-0.7554447169764594,-0.9541791276092094,-0.46383015753453394,3.358993001486266,0.5205462638510098,-0.9933764898575801,1.4366810186757146,0.6063740649457547,-0.7545220933919489,1.3745129007345531,1.4665092398786144,1.4675665537401146,-0.8592906570447563,-0.28348582502397174
BetteDavisEyes_KimCarnes,0.35145322163301596,-0.48339395692241505,-0.07235159419776545,-0.6951014056502007,0.5030722590026012,-0.5326194476464253,-0.5842312408391992,-0.8935685405180447,-0.1135704763202927,0.3300670405683065,0.15686490036563222,-0.4018049722762793,-1.4675218616604289,-0.5682135375995481,-1.027180937434559,-0.1416752894831336,-0.4879041403524232,-0.5154535346943072,0.17316068695657638,-0.615367208050867,-0.09029952944650416,-0.40429645894188465,-0.38403690779897803,-0.7545220933919489,-0.7171371656006363,-0.6721500682776982,-0.7181708667238859,-0.9915891941920555,-0.4970907263944448
BlindingLights_TheWeeknd,0.4158448259008395,1.6121700818373366,0.38450336995820944,0.617516507921939,-0.03344524713590811,-0.3707605436460895,0.4584106768965179,0.5201713882202439,0.47698359437483817,0.2508962629269975,-0.926031918140528,-1.1524391130798881,-1.152337973227888,0.4393407493941514,0.9530003650870805,-0.8775073609841098,0.8631107207799666,-0.5628410383741891,-0.2170413452510278,-0.27257927562297873,-0.9551778294569694,-0.6175298354958759,-0.5962678305299922,-0.7545220933919489,-0.7171371656006363,-0.6721500682776982,-0.7181708667238859,-0.8778363896556803,-0.08294988681843195
BlurredLines_RobinThicke,1.0025220273193194,-0.5417148400182501,-1.0146588104880194,-0.4507076001635327,0.4177172012078383,0.8375998948391755,-0.9450357947911313,0.20169751710184258,-0.20170685054602738,-0.8074626692720264,0.18253314670130952,1.0488322725417663,-0.8822105298282877,0.17702627173760438,0.2461231079465329,0.2570294646607314,-1.114461555528061,-1.1949764579328557,-0.2085982694719328,-0.7343632353921277,0.10818649214440758,-0.5364822049203133,-0.8084987532610064,-0.7545220933919489,1.3745129007345531,1.4665092398786144,1.4675665537401146,-0.8876407789820269,-0.4642383325097285
BohemianRhapsody_Queen,-1.1869419024505972,-0.24761807910762829,-0.8474125151442806,-0.25292403754965015,-0.7162857094940074,-0.518666093853293,-0.3672556467178441,-0.09110178807733949,-0.9136913140086103,0.05884957843826708,-0.10614354911356487,-0.04605928267666006,0.10511826981849604,0.11454918726660501,-1.1131523896593027,-1.0697464685493319,1.1266594197496498,-0.5539548606280825,-0.5700561016834839,-0.8806856828271646,-0.5247344766417047,-0.5015708573867017,3.0824014968075866,-0.13678470698918377,-0.7171371656006363,-0.6721500682776982,-0.7181708667238859,0.36702880557441975,-0.7797314890710715
BridgeOverTroubledWater_SimonAndGarfunkel,-0.1076665518900353,-0.6573596680373425,2.355568786122193,2.455950005376864,0.3811364621529386,-0.4544806664048839,3.2532990086135185,1.4892496855856703,0.014792007333294242,3.0043513871151513,0.5791329373503903,1.5511095021911643,0.438982866482395,1.0137039699914365,2.605280758572885,-1.0725357849356052,0.19713847911335053,0.8399275880778307,-0.013578543453285796,0.34173237955417063,2.358086703620395,2.361592225225509,-0.7377551123506684,1.7164274522191116,1.3745129007345531,1.4665092398786144,1.4675665537401146,-0.5645103488840573,-0.7580455630893486
ComeAndGetYourLove_Redbone,0.19556414093655744,0.4492417035246583,0.5910204392022637,-0.30841242192201507,-0.20415536272542967,-0.45727133716351037,-0.15421906579686898,-0.9727773077773383,-0.48148386416731304,0.3428711517717111,0.03630439799420054,-0.9455121496081913,1.0743672153669315,0.2636637734091427,-0.9286706781076627,-0.37560440604945217,-0.8076190467149585,0.23355555412402515,-0.9113040551422952,1.117611353215511,-0.5497815569197105,-0.10761671982907889,-0.5255241896196542,-0.13678470698918377,-0.7171371656006363,-0.6721500682776982,-0.7181708667238859,2.0857034287410925,-0.9431598152702284
CrazyInLove_BeyonceFtJayZ,-0.7805122339377959,0.0026134022095445713,-0.019728331932859295,-0.9397095111041006,-0.83822150634367,1.766893257461794,-0.7883031710282781,-0.39537270782510864,-0.07605624887175452,-0.4444677333029969,-0.6258478838977443,-0.9730177066458653,0.4243313650714179,2.4845575953157244,-0.9416218496874477,1.7089453314475478,-1.207281640262742,0.7617089537981327,0.07215164493900736,1.4507387481322351,0.863171004956755,-0.05378977495334052,2.091990524062854,-0.7545220933919489,-0.7171371656006363,-0.6721500682776982,-0.7181708667238859,0.48484574109108847,0.9822595551478699
Despacito_LuisFonsiDaddyYankee,0.8340817106057422,-0.5392224945868044,0.5882563890630964,0.8010032012933965,-0.03344524713590378,2.3445621044974745,0.7162575754730339,0.6163144436522143,-0.07309920604477392,0.26953818031827925,-0.5709244824527776,-0.26090967200140397,0.023759529713705492,-0.39283588162219557,-0.6686732266852304,0.39073317401218816,0.5921204199730906,-0.3544762696574905,-0.3595212315663105,-0.9571418073097369,-0.19462269385728354,-0.49422714952884556,-0.8084987532610064,-0.13678470698918377,-0.7171371656006363,-0.6721500682776982,-0.7181708667238859,-0.6848581390312475,0.05351633272931166
Dilemma_NellyKellyRowland,-0.963544413102994,0.25683263621703145,0.027069163115648665,-0.30300900131968556,-0.07002598619080776,-0.5214567646119194,-0.29165117167806287,-0.7509927594513162,-1.0502272252376277,0.87103594154354,-0.8784055282864834,0.7671142792870445,-1.1031464971002038,-0.4877388555012194,-1.2254888551787997,-0.10999923173653146,1.1166864474223932,-0.217054417922997,-1.1979387279275377,-0.845700608286455,-0.8463786869905593,-0.09934881664465618,0.32339950130440254,-0.13678470698918377,1.3745129007345531,1.4665092398786144,1.4675665537401146,0.6641254261650239,-1.076199454131468
Dreams_FleetwoodMac,-0.8543473396882416,-0.96591203245035,-0.44962317626988463,0.3483404419390337,-0.7162857094940074,-0.4544806664048839,0.3673735491537746,0.5278191312659688,0.20598724320252232,-0.7631076445374723,1.1284458897978193,-0.726284384664065,2.287482407968431,-0.22830297942400804,-0.8192738487438942,0.414920297116766,-0.8883243541416879,-0.2171790533017212,0.5407874097806993,0.23903495418131282,-0.8533466582461572,0.3440263611403006,-0.6670114714403302,0.48095267941358133,1.3745129007345531,1.4665092398786144,1.4675665537401146,-0.8549114450026987,-0.6647143398784343
EndlessLove_DianaRossLionelRichie,0.9996756579493926,-0.5267607674295747,0.8013859167170037,0.42386587324751573,-1.0211252016181638,-0.49634072778428107,0.7462755726207471,-0.34566237802789673,-0.22390587144497198,0.6308610033027492,-0.6258332012310731,1.8184842338788707,0.07754881458318735,0.8558367568394515,0.49749174213023944,-0.6983520294553813,-0.21451594965048654,-1.2174354337026525,-0.4027008627178701,-0.6018105255242628,-0.8664898683747847,0.08257405250743341,-0.38403690779897803,-0.7545220933919489,-0.7171371656006363,-0.6721500682776982,-0.7181708667238859,-0.4767654591891252,-0.7654414634448926
EyeOfTheTiger_Survivor,1.1736320553415325,0.0240475729199797,-0.18287107591614307,-0.3909791378680929,-0.7284792891789753,-0.48517804474977516,-0.5031807081397804,-0.3746145481295693,-0.7814148626097991,-0.17754424469956953,-0.8312795436212914,1.406060952071174,0.1920716263932327,-0.0647789294556909,0.9860431994194857,-0.24222519992465497,-0.1346781540930171,-0.15695624425651936,-0.4183082772525418,-0.7942750804874326,-0.5869085618082163,-0.4265486842473028,-0.7377551123506684,-0.7545220933919489,-0.7171371656006363,-0.6721500682776982,-0.7181708667238859,-0.24528342409510714,-0.7952211790037873
Fallin_AliciaKeys,0.9021607838310348,0.7976715948408017,0.5088005785241252,0.8788859322414218,0.29578140435818,-0.51308475233604,0.6579097296920541,-0.22602982609834307,0.8377661179429668,0.7359036614743562,0.6015616065820761,0.9773893958999058,-0.2499913143466803,0.34584542458531436,-0.4059399487164307,0.7608695153092705,-1.3874454431715826,0.07270355021711969,-0.7710286726026498,-0.7092759138360597,0.23679529349192105,0.4455513607657828,-0.4547805487093161,-0.7545220933919489,-0.7171371656006363,-0.6721500682776982,-0.7181708667238859,-0.8437598134159313,-0.09063072585195472
FlashdanceWhatAFeeling_IreneCara,1.53056568705279,-0.6887632204735613,-0.22805266472944538,-0.22194238514422507,-0.765060028233875,-0.46285267868076335,-0.1501506925570684,-0.012985555538863684,-0.3282717678473818,-1.0265165677260994,-0.8828227214539296,-0.6627096622754688,-0.8579687694517976,0.6250303428517479,0.5281392555042957,-1.026725257558613,-0.8311020955835464,-0.08431462402705647,0.9491621316292601,-0.9219336310151081,-1.124683988560012,-1.260239817236044,-0.7377551123506684,-0.7545220933919489,-0.7171371656006363,-0.6721500682776982,-0.7181708667238859,-0.8566114623622859,-0.8254902957618773
GetUrFreakOn_MissyElliot,-0.6576191736713862,-1.0875384895049123,-0.6442760918396692,-1.1464018294985936,-0.9845444625632599,-0.49634072778428107,-1.0494681546159501,-1.0476159361533603,-0.8877852847786525,-0.904396854385672,0.4327348551905749,-0.1011454805749306,0.025874480497088355,-0.38222462413429487,-0.6763749681601438,-0.41796529763032647,0.3780252005800322,-0.9361249270395624,1.830413956328669,-0.1268060145271308,0.1656601103250573,-0.484778438688184,-0.5255241896196542,-0.13678470698918377,-0.7171371656006363,-0.6721500682776982,-0.7181708667238859,-0.5934429027561079,-1.0800297806093804
GimmeShelter_RollingStones,-0.2149927515058946,-0.07066155347496655,-0.6222062145746295,-1.026424462130154,0.2226199262483764,-0.4516899956462574,-1.0987025856196992,-1.1754424984890481,0.4987842288963267,0.16767335171282838,0.05552226665541785,0.27935220475428924,0.07676602189367984,-0.0788260663380762,-0.018188951662225485,-1.103852827219753,-1.0531952175131583,-0.6629431025486441,-0.22366377028492337,-0.9615205960811608,-0.028289510976102425,-0.38646532277936074,-0.6670114714403302,-0.7545220933919489,-0.7171371656006363,-0.6721500682776982,-0.7181708667238859,-1.0978453845961973,-0.19229853857058013
GodOnlyKnows_TheBeachBoys,-0.34799083910411366,-0.7311330928081419,-1.219496187724425,-0.4254814325923166,-0.07002598619080776,-0.507503410818787,-0.29659919318592787,-0.4418054334598671,-0.1828263168059816,-0.20080241364278237,0.8256790998299551,0.8337953556389405,1.2859967501645297,-1.061053195932989,1.1806943112547137,-0.7309346784285944,-0.22981357889284856,1.6488892168751141,0.2389523114665133,0.13970349137438076,-1.0563434165635448,0.42777873899983904,0.3941431422147406,1.7164274522191116,1.3745129007345531,1.4665092398786144,1.4675665537401146,-0.8603891036526712,-0.3159865850650562
GoodGollyMissMolly_LittleRichard,-0.416934289480589,-0.11552377124099332,-1.1864764195234552,-1.218712761298608,-1.0820931000429908,-0.33727249454257174,-1.0698682328326898,-0.998998141076967,1.4126007185674387,0.17657516496689218,0.18935751080914956,-0.17758463967039137,0.5545628549440677,-1.266913755671829,0.7118909658860327,-1.0154466478745674,1.0305407444324164,0.2536389381226188,0.5719701662050586,-0.7422171924656158,-0.5114924502940054,-0.12924412051544676,0.9600922694974451,-0.7545220933919489,1.3745129007345531,1.4665092398786144,1.4675665537401146,0.04647901933274629,0.31463025701823505
Happy_PharellWilliams,1.1194429743767902,0.888891437631722,0.03310754957352103,0.9594933342013862,-0.9357701438233965,0.44969665939009557,0.5219717322661762,1.242883106041247,-0.04475773048308217,-0.224084503711853,-0.44835415345727697,-1.4748836075262146,0.6158607077227825,-0.3963535959073317,-1.1386240081805947,0.2565647072362092,-0.9767038713510123,-0.5662417320426597,0.6722622706286867,0.31162798766996735,0.5598214689852182,-0.711833162282455,-0.8084987532610064,1.0986900658163465,1.3745129007345531,1.4665092398786144,1.4675665537401146,-0.6797557369120113,-0.5690413983174794
HeatWaves_GlassAnimals,0.2447852918039887,-0.6090081666672909,-0.8702052978303324,-0.33907262437659297,-0.9235765641384329,-0.32610981150806584,-0.7052346217138876,0.8796153113693139,-0.6593321069018114,-0.515418844081523,0.9003782366120147,-1.2072291407561095,-1.3811347873783784,-0.5774131432236989,-0.5214847562210131,-0.5255393411842564,0.18887958507191682,-0.2746580358047304,-0.40773524300843006,-0.49543051714005276,-0.9482929148952196,-0.3547140014929925,0.32339950130440254,-0.7545220933919489,-0.7171371656006363,-0.6721500682776982,-0.7181708667238859,-0.3736176142522322,0.2434423534111945
HeyYa_Outkast,-1.1931284240999422,1.2762019176784234,0.9415019968486116,0.32476744554360143,-1.0211252016181638,-0.22843633495613905,0.48820876197721524,-0.11896142345819428,0.49146802469578327,1.257226483511223,0.8289420661730953,-0.44302441508793355,-0.56329391358691006,0.08089014093748528,2.8379886251325765,-0.8648000219220693,2.342862385652032,0.010600411662559112,3.044720534755997,-0.6987463394584227,1.881057979829728,1.1963696247060263,1.6675286786008254,1.7164274522191116,1.3745129007345531,-0.6721500682776982,0.37469784350811436,1.4148630015560517,2.5316786151630457
HowDoILive_LeAnnRimes,1.2609692217317363,-1.0386885190485717,0.20554175440923353,-0.4458552366197968,-0.6187370720142764,-0.29541243316317456,-0.2057561055023164,-1.2256990956466691,-1.1592387937645094,-0.6462600421887608,-1.0053932744223117,1.587186209695214,-0.6012893736179584,2.7154712545206334,-0.12951336137001232,0.4039515477682816,-0.44874280326053856,-0.5349171161031449,-0.44440021646977007,0.060865338535512674,-0.7335153218313103,-0.318684141143071,-0.7377551123506684,-0.7545220933919489,-0.7171371656006363,-0.6721500682776982,-0.7181708667238859,0.4273021825532675,-0.364058111230311
IWalkTheLine_JohnnyCash,-1.0487651499540076,0.06940825977229598,-0.35158444402605366,-0.9615374934806497,1.5761072712796154,-0.5298287768877988,-0.9278373775500685,-1.1470365957477844,-1.0442663323327839,-0.3408803207661198,-0.33210182570211744,0.419833024315525,0.33225973598727465,-0.9455637065000796,-0.14768795430536066,-0.7736926812465784,-0.9631810590073449,-1.0437910108292536,-1.187665440565309,-0.35017308418375925,0.6592242893582818,-0.7789953718179518,0.32339950130440254,-0.7545220933919489,-0.7171371656006363,-0.6721500682776982,-0.7181708667238859,-0.18185259220603248,-1.0957138476747708
IWannaDanceWithSomebody_WhitneyHouston,-1.5509862518816957,-0.8726983133142717,1.8797056617784096,3.1564200625530776,-0.33828473926006025,-0.32890048226669233,2.903263677943409,3.5219105336672665,0.5794635573729019,0.3448453018289408,-0.3603420188316172,0.9794171093965879,-0.13818246815145863,1.5409246007110988,-0.045506860251052245,1.1186902479599943,-0.010716730460073562,0.19858632168697968,0.07092986170181471,2.3647141646637917,-0.635772992089289,0.29039114311220443,1.1723231922284592,0.48095267941358133,-0.7171371656006363,-0.6721500682776982,-0.7181708667238859,1.9468121625736554,2.6119330824150038
IWantToHoldYourHand_TheBeatles,-1.1112269173631115,-0.6743076169711746,-1.0298610862534359,-0.22613654164575037,2.246754153952751,-0.5270381061291723,-0.4237665799390413,0.3349867530416193,-0.44598864544625444,-0.07047486256774375,0.576318245263658,-1.3258372659710858,-0.30683201223480794,0.0619692322612758,0.9507640620418304,1.0839893085218404,-0.765676391012288,-1.1791047147374047,-0.01207144644195637,-0.1379628476260807,-1.0453700406328708,-0.09514363709352544,2.657939651345558,2.9519022250246416,1.3745129007345531,1.4665092398786144,1.4675665537401146,1.6118166086724206,1.99640594467324
IWillAlwaysLoveYou_WhitneyHouston,2.164783463948977,-1.0511502462058016,-0.8871297894516932,-1.1461416081098128,1.1127512432509055,-0.5298287768877988,-1.0161644124669353,-0.8799118565078217,2.3780382595311957,-1.1236237209805786,-0.8372478236502268,0.10174845722388644,-1.0370131790724726,-1.0065461182037685,-0.581862927990394,-0.48916981784246977,-0.39334545860134734,-1.0267003729703532,-0.9210456096139795,-0.9915103273017474,1.3456357026190675,-1.39856786789503,-0.7377551123506684,-0.13678470698918377,-0.7171371656006363,-0.6721500682776982,-0.7181708667238859,-0.5006314888413128,-0.8414367179107269
IllMakeLoveToYou_BoyzIIMen,0.28149299403218375,-0.7655274597620961,1.4208520767525754,0.848271651208393,0.6981695339620587,-0.4126206050254867,0.9371851187987091,0.022521822887716467,0.2559692011223729,-0.5028005816251823,0.04688472759742119,2.0993653858448384,-0.34006907023800104,-1.0828120852464356,-1.1387698990223134,-0.09958664761919586,0.08017188558497895,0.3780765319467076,-0.3305446489329485,-0.7118793887828044,0.05718203724104489,-0.259644156637605,-0.17180598506796388,-0.13678470698918377,1.3745129007345531,-0.6721500682776982,0.37469784350811436,-1.165090412068921,-0.41128282680885
Irreplaceable_Beyonce,0.13399059486336878,-0.8213559974264848,0.3589677990571383,1.0170787968245136,-0.9723508828782962,-0.367969872887463,0.6385251277847711,0.8823466481713585,1.9893214624942437,1.6855334534241992,2.4304858071568534,1.0302084450820728,3.970966841841318,-1.203038510233908,0.4738646397479176,-0.00720222190401268,-0.6048145676414026,1.1738240646868225,-0.37045377836699234,-0.862868725115507,-1.1236159079358796,2.5513320602419665,-0.8084987532610064,1.7164274522191116,-0.7171371656006363,-0.6721500682776982,-0.7181708667238859,-1.1219946374914982,1.0423685444867963
ItsAllInTheGame_TommyEdwards,0.14626278784391772,0.1885423713954122,-0.7499265929282829,-0.8746847781899468,1.1493319823058008,-0.2786684086114157,-0.6880491404767669,-0.5537902423436958,1.048265881483991,-0.669948265658421,2.4402943212335115,0.2809481018420843,0.22888764893713448,-0.7421372900033018,0.732426997744142,-0.7753650361357198,1.3425514041452056,2.1522084872980822,-0.0809212949295119,1.0396405376117024,3.3436587768960537,1.5728376765453893,-0.7377551123506684,2.3341648386218767,1.3745129007345531,1.4665092398786144,1.4675665537401146,0.17398624153088754,-0.8172165667429854
JoyToTheWorld_ThreeDogNight,0.8620489180054579,0.49709473580842023,0.9631466356307029,0.949895757097532,0.027522651288923186,-0.18657627357674186,0.6363971551362907,1.220486144264481,1.0897654419929979,1.7164279817765322,-0.5914834758420864,0.6944759150898213,0.2730130793477408,0.2749036177382853,1.169725844849099,-0.3797440770622729,0.5564184140801216,-0.8507800375854266,-0.07046679628811604,-0.8073202107496592,0.6568341629224665,0.7627330647828372,-0.6670114714403302,-0.7545220933919489,-0.7171371656006363,-0.6721500682776982,-0.7181708667238859,-0.3151342506115469,-0.29628811261746585
Kiss_Prince,-1.6409445438425991,-0.4873817096127284,1.8514485645864651,2.572192430459274,0.25920066530327607,0.15946690049294157,2.056052439763429,2.371471472646078,-0.6061517234710626,3.691402923543588,-0.2930829127682067,-0.3636859172470933,-1.206742522045222,-0.8887579875035363,-0.7585398564698849,-0.2053012314503729,-0.22649451929464864,-1.0154913474132827,-0.5432235473945444,-0.875017367160871,-0.12566784149237215,2.130037238099132,1.1015795513181212,-0.7545220933919489,-0.7171371656006363,-0.6721500682776982,-0.7181708667238859,1.0562144745434077,0.5403527198744228
LeFreak_Chic,0.420428239528509,-0.9479671453439392,-0.7657454644939761,-1.0406907170915456,-0.13099388461563471,-0.36517920212883653,-0.9947553259427092,-0.08290777767120543,-0.6566139279829155,-0.7112655702782836,-0.9723960466066182,0.35354447763458485,-0.1926608233374937,-0.4140019127332548,-0.9613571006259176,0.9999898477106139,0.4206857473630161,0.6704370705594953,-0.7337878102096462,0.45477307745329654,0.5700695071634532,-0.6805831015931693,-0.6670114714403302,-0.7545220933919489,-0.7171371656006363,1.4665092398786144,0.37469784350811436,1.4168789842641043,-0.9256814364265975
LetsGetItOn_MarvinGaye,-1.0658707641101557,-0.6997295403719228,-1.1576239884553832,-0.5666285752950956,-0.5089948548495862,-0.3958765804737278,-0.43368849496265516,-0.3150714058449968,-0.9210180131084542,-1.304531046904044,0.8373032923758663,-1.1176920759151945,-1.414752018472164,-0.1845595618413675,0.4409194454002685,-1.0873915602941084,0.6455895812249978,-0.2972883274637028,-0.5388733870095083,0.4083093348862883,0.18371358697187004,-0.37511528730813776,1.4552977558698112,-0.13678470698918377,1.3745129007345531,1.4665092398786144,1.4675665537401146,0.339018833146868,-0.37870212725236047
Levitating_DuaLipa,-0.4048688738812539,-0.2879940750970529,-0.6145306599574055,-0.7006885119387286,-0.19196178304046602,-0.5047127400601605,-0.7943054768574265,-0.998998141076967,-0.7500464481917837,-1.0513272440245696,-0.7423341388846131,-1.3032460408276614,-0.6921550300681124,-0.9681501363200855,-1.248544456908486,-0.494075098149993,-0.9512396265645787,-1.2040180345173883,-1.1779409828758702,-0.8752444723332868,-0.2239799701723372,-1.8226411573694672,-0.8084987532610064,-0.7545220933919489,-0.7171371656006363,-0.6721500682776982,-0.7181708667238859,2.975803921983176,-0.8677930440609297
LikeAPrayer_Madonna,1.1829165773645225,-0.7166774893057555,-1.0652409280347706,-0.9336631906000777,-0.5211884345345498,0.0031893380098586776,-0.8108247538915271,-1.0716517000113526,-0.7019395089810064,-0.5915979037732525,-0.7354735011243332,0.06616187710364597,-0.11068514399743455,-0.532259704545056,-0.12630831593550956,-0.8450312368383776,-0.8075908515970004,-0.18172653896573693,0.9706876630950451,-0.23939565973992294,0.9325995787088058,-0.972767768215628,-0.6670114714403302,1.7164274522191116,-0.7171371656006363,-0.6721500682776982,-0.7181708667238859,-0.5971850207150253,-0.3319246574295547
LikeARollingStone_BobDylan,-0.15061066836048112,0.14567402997454193,0.8369145919673707,-0.4591571417286486,-0.8991894047684968,-0.26471505481828334,-0.0977986846032666,-1.141027654783286,0.7797272258299266,0.7778713052741897,1.5152897581891056,0.11088875882772982,0.2589708553680432,-0.9811120713916477,0.03168352731588984,0.7456974402715297,-1.1579675469672397,0.5090526712064137,-0.2625228566863326,1.4279930621070207,-0.25756538598054585,1.033368927042295,-0.38403690779897803,1.0986900658163465,-0.7171371656006363,-0.6721500682776982,-0.7181708667238859,-0.7365129035292971,0.37649313583416777
LivinOnAPrayer_BonJovi,-0.8532305839437908,-0.5646444179875522,0.25537970461082554,1.2520280966124924,1.1737191416757324,-0.48517804474977516,0.9528764915805132,1.5793838000531424,1.3041017209224073,0.37318578997407964,1.7934294875414736,2.4230465682651023,-0.5155737615616421,-0.026065837370730125,-0.02159804322989771,0.8833129075642794,-0.23021172382461752,1.64410208828354,0.43600657544755955,0.8295577082858767,1.5682081108476005,1.4618482919095077,0.6771177058560929,-0.13678470698918377,-0.7171371656006363,-0.6721500682776982,-0.7181708667238859,0.8173888629308667,2.7347741860522277
MackTheKnife_BobbyDarin,-1.7075735264320655,-0.8746921896594286,0.9288511519808871,0.8327961321461972,2.454045008597172,-0.23401767647339203,0.3704393820880594,0.8850779849734033,1.2089450986564094,-0.708264651895682,2.9292094573877536,-1.386384883288941,-0.2509194118601565,0.6340600521268271,-0.6324807969687117,1.8067180102984608,-0.03000081338690094,0.6319417552695007,-0.3549911896518373,-0.8917493360310857,-0.7237874941777008,1.675060512305667,-0.38403690779897803,1.7164274522191116,-0.7171371656006363,-0.6721500682776982,-0.7181708667238859,2.1585061480847965,0.4936171439092477
Mood_24kGoldnianndior,-0.5837026350294532,0.04398633637154715,-0.6036445547939171,0.4470561911300348,-0.009058087765976459,-0.501922069301534,0.46932219622170457,0.39070602380332925,0.016409271315541027,-1.2300979665305722,2.28262697386439,0.2112795448657263,0.17552013817654005,0.310550866456059,-0.3988887009331446,-1.0833818228872325,0.7811404907630353,-1.2657085865354298,-1.2074104705426625,-0.3868817912394224,-0.43174197228971395,0.9260258663170006,0.8186049876767689,0.48095267941358133,1.3745129007345531,1.4665092398786144,1.4675665537401146,-0.35298292280641635,0.8468726671758549
MyGirl_TheTemptations,-0.513660106387493,1.1231719081876421,0.5674197033986089,-0.7518602826854359,2.941788195995818,-0.4795967032325222,-0.29086207543759307,-0.8689865092996433,2.2019191564054887,0.4515805242333685,-0.488539218527136,1.3416403828378505,-0.05603914291677767,-1.2728930397475258,-0.41686539735434863,3.43520976631595,0.9272650904161001,-0.5583057627538207,-1.1609167210474292,-0.8905920324646426,-1.0580294031240765,0.49256667820370664,-0.38403690779897803,1.0986900658163465,1.3745129007345531,1.4665092398786144,1.4675665537401146,1.4154811417350355,-0.1672428099728813
NoOne_AliciaKeys,-0.6034311079881889,4.3258357875956825,-0.788516985255881,-0.5140179333398356,0.10068412939872247,2.065495028634827,-0.17483258807865384,0.4846640097936637,-0.18293189549294672,-0.7287206318095918,0.46492896602523287,2.094722346324263,1.5016247039829933,0.32427385118552543,-0.19599940571190386,2.187091187940887,0.08150701153004604,1.9414657452592514,2.0214582233085467,3.848873219590164,0.9751195827933107,1.150294552374747,1.243066833138797,2.3341648386218767,1.3745129007345531,1.4665092398786144,1.4675665537401146,0.45546845818660187,0.6750002839189058
NoScrubs_TLC,1.168001761758475,-0.4046358412887229,-0.5928009734787245,0.31291971878381997,-1.1064802594129224,-0.4154112757841132,0.020397583415979425,0.47810880146875656,-0.9818164340436359,-0.5653099008007977,-0.80483795227313,-0.7255616887972638,-0.01624661496081407,-0.7945796675113018,-0.9484946402571125,0.1914910596744245,-0.6682229879660294,-0.2089572371744786,-0.08453099137922715,-0.7721263541466242,1.215903368950013,-1.0802742736277164,-0.7377551123506684,-0.13678470698918377,-0.7171371656006363,-0.6721500682776982,-0.7181708667238859,-0.9163106453238841,-0.4718853439575572
OldTownRoad_LilNasX,0.8583349922157474,0.9058393865655561,-0.6688336142299581,-1.0000502590201996,-1.1064802594129224,3.667340044086426,-1.08176935645945,-0.9940817348332863,-0.3685604268750679,0.27217344720559217,-0.530287863168092,2.1163297144776805,-0.5148628773627837,1.3755386735539916,2.8913115134311855,-0.5036170918234238,2.286371777960647,1.0068597865576099,1.8124854229333078,-0.1969272097682507,1.6999426819628192,0.679202092771757,-0.8084987532610064,-0.7545220933919489,-0.7171371656006363,-0.6721500682776982,-0.7181708667238859,-0.9805548762298832,-0.2117009191439158
PartyRockAnthem_LMFAO,0.108484735580276,2.4919680191377553,3.1390919528793884,2.017369815297694,1.4297843150600256,1.3622459974609544,2.311273329539692,1.248345779645336,-0.6134313004730464,1.6013973335151144,0.7968863904878579,1.5158387919466634,-0.6430042060196973,-0.8773666300253965,2.3171742988571298,2.3804246531427364,3.7062553408944976,3.191464242731668,3.386009674968619,3.5143791234461106,1.5590032616253349,2.337324100569525,-0.10106234415762581,-0.7545220933919489,-0.7171371656006363,-0.6721500682776982,-0.7181708667238859,0.24053507563118087,0.17319721779553646
Perfect_EdSheeran,1.1696826600863852,-0.16237986535217674,0.6467479423926946,0.7472904452209473,-1.0577059406730591,-0.2395990179906453,0.9909600871861446,0.40163137101150764,-0.5660248957905948,0.8311149997870598,-0.9521777159699556,0.5914556192772746,2.169726279729132,-0.7501720827001807,1.7033189449350317,-0.6347624080327772,2.2777444274155583,-0.17033432936935078,-0.001611889741539455,1.558760434757177,-0.36215075477951447,0.6170099685796838,-0.7377551123506684,-0.7545220933919489,-0.7171371656006363,-0.6721500682776982,-0.7181708667238859,-1.0382885145345049,-1.099641123519725
PokerFace_LadyGaga,-0.1766420662957484,1.6575307686896539,1.7697177281637189,1.3302935060734304,-0.03344524713590378,1.990146918151912,1.672868598991611,0.44915663136708395,0.49093404421936077,0.8245974130335401,-0.8143496823732004,0.3477654997975157,0.18792066249508743,2.198377276414663,-0.18958375653339524,1.038197316310462,0.1662783180733358,0.7089785911058758,-0.13162473898286517,-0.3133901286993821,-0.6299286623121173,0.3217708977870631,-0.38403690779897803,-0.7545220933919489,-0.7171371656006363,-0.6721500682776982,-0.7181708667238859,0.34794518809124214,0.3746064426752878
Respect_ArethaFranklin,-1.6817795696610451,0.5773482587009794,0.2571657062392096,-0.25075042359630534,0.9664282870313112,-0.3372724945425718,0.05400532165763443,-0.9176043043760375,1.4369671460699756,-0.3280980277324543,-1.0101429428892943,-0.7823169539256052,-0.7959040802175711,-0.6485171373358968,0.3795970114558299,0.18178415705577045,-0.35948669521175153,1.0465937459577836,0.040714232047478066,0.28550510766415177,0.6788103072242405,-0.7840688190642958,0.46488678312507864,-0.13678470698918377,1.3745129007345531,1.4665092398786144,1.4675665537401146,2.486654432242676,-0.5186766361271241
RockWithYou_MichaelJackson,-0.5181553730406708,-0.3124190603252234,-0.41001221158321055,-0.04779304748784117,-0.740672868863939,-0.46285267868076335,0.001207021567828815,-0.20417913168198595,-1.1783300650825144,-0.14308099981235645,-0.538852138207987,0.10910205652276585,-1.2381770059340884,1.7537751647258348,-0.26012234068163603,-0.7821570000350617,0.9359043643316894,-0.38353758051972014,-0.8883065074253317,-0.7663086580579107,1.0128450149619939,-0.5528419157702155,-0.6670114714403302,-0.13678470698918377,1.3745129007345531,1.4665092398786144,1.4675665537401146,-0.6231230751076515,-0.21655372219733907
SaveYourTears_TheWeekndArianaGrande,-0.5675129393397553,0.25832804347589844,-0.46782338334009144,-0.8283500638464586,0.10068412939871814,-0.5102940815774135,-0.6062030435349074,-0.8241925857461121,-0.6420161527495221,-0.6721752961890264,-0.9975373011769826,-0.7543343275602827,-1.335985205737314,-0.39898150400823995,0.5865697128404475,-0.9851985476668209,-0.09517822847836165,-1.0472814747101307,-0.9379870082027967,-0.5804959830321414,-0.47322180287718907,-1.425138439952389,-0.6670114714403302,-0.13678470698918377,1.3745129007345531,1.4665092398786144,1.4675665537401146,0.9611903569276827,0.932858854372393
ShapeofYou_EdSheeran,-0.05954208378210775,1.2622447832623258,-0.8077802885334576,-0.8979975531965989,-0.20415536272542967,2.285958018566319,-0.9007235132873632,-1.1951081234637693,-0.08412199878035781,-1.2757888941400704,-0.8994631599674693,-0.22342314470984279,-0.8971671983147819,-0.024320026370149815,-1.2160539204520022,0.08671516455177473,0.9425427981898724,-0.5577516217938393,-0.26235034409967073,0.14880486260734208,-1.1084029078433228,-1.27837535492308,-0.5255241896196542,-0.13678470698918377,1.3745129007345531,1.4665092398786144,1.4675665537401146,-0.4133196509653562,1.1284098424802664
SmellsLikeTeenSpirit_Nirvana,1.7111319851823379,0.12174751383266097,-0.9198731526387451,-1.068580327112635,-0.48460769547965016,-0.3763418851633425,-1.2230757955213127,-0.5811036103641419,-0.7063605902604431,-1.0010219049497449,-0.025716181459705438,-0.02381004352129574,-0.8805205397144727,0.22697416759684835,0.07555351986098305,-0.8981186636195866,-1.0977499926748642,0.15298466832834975,0.060903569611292896,0.7213291906839288,-0.04910516360472572,-0.8408100847772952,-0.8084987532610064,-0.7545220933919489,-0.7171371656006363,-0.6721500682776982,-0.7181708667238859,-0.997583110076768,-0.6785060284226867
Smooth_SantanaRobThomas,1.2589232829013397,-0.7062096384936823,1.2074248821606044,0.8568283427571247,-1.0211252016181638,-0.42657395881861915,0.9869693299699981,0.4311298084735897,-0.39084613564223625,0.6175382505463591,-0.9810541911697056,-0.35328089787634626,-0.4270597751783604,0.8969310663404544,-0.6478551401853134,-0.12818078476186034,0.23885550276235026,-0.3804015901643311,-0.6948268111209082,-0.9792179104020305,-1.1490267730243275,-0.36084934898880444,-0.6670114714403302,-0.7545220933919489,-0.7171371656006363,-0.6721500682776982,-0.7181708667238859,-0.5150780038518318,-0.34823570520278724
SomebodyThatIUsedtoKnow_Gotye,1.1718014395328444,-0.02679627388151726,-0.9391151939921758,-0.6679465383739046,0.6493952152221911,0.41341793952795136,-0.4564364578948923,-0.31671020792622334,-1.181198530959397,-0.7408347105362698,-0.4812790629181462,-0.595876279458186,-0.2617851268839082,-1.216680030701756,-1.2198953021499106,-0.49110458701265985,0.3033207955728529,0.8732311223423292,-0.1691329257445501,1.2032594650391273,0.7951219013346406,-0.8531477622085808,-0.8084987532610064,-0.7545220933919489,-0.7171371656006363,-0.6721500682776982,-0.7181708667238859,-0.20342756919943403,-0.7740655039397792
StandByMe_BenEKing,-0.6421348998209092,-0.6508795699155824,0.3797832227974789,-0.15670335226284066,0.7347502730169541,-0.3958765804737278,0.155151936481153,-0.6313602075217625,-1.1807980456020797,0.5163177151220372,-0.9237304723545169,-0.013643896522723206,-1.470874334371597,-0.8882196858949165,-0.9136910783449493,0.211689803263735,-0.3548018559220188,-0.8057529888347562,-1.0042898423670183,-0.650794333054257,0.9461340577920496,-0.5065877072857211,0.8186049876767689,1.0986900658163465,1.3745129007345531,1.4665092398786144,1.4675665537401146,-1.1183728008180374,-1.0426753062240162
StayinAlive_BeeGees,0.7808617496777012,-0.5028342512876931,-0.37016736573091347,-0.5071603343884371,0.21042634656341275,-0.47680603247389575,-0.6923697657934381,-0.8302015267106098,-0.8191841161113449,-0.9238355292767485,-0.5814854757305686,-1.0993426927737657,0.6307760961901091,1.623641054757812,-0.1749577480384137,-0.1218502704050157,-1.2838057361388235,-0.8338162027918502,-0.3999976151176008,0.6963644644948034,-0.16192979756221967,-0.8253546263086109,-0.6670114714403302,-0.7545220933919489,1.3745129007345531,-0.6721500682776982,0.37469784350811436,-0.3812073490381552,-0.278356583385563
StrawberryFieldsForever_TheBeatles,-1.025567284826106,-0.1568967054029964,2.036044590034513,1.0723988026511964,-0.9113829844534649,-0.10843749233520043,1.3559235664054725,0.670394912332697,0.5988604401585447,1.8563576304934435,-0.4316942044171779,-0.7615287536573467,-1.1433330104814743,0.44789427448666796,1.4118487337874472,2.9902430691614046,1.9427165853815556,2.83484164476196,0.8062469766856506,1.2959094093727959,0.8992028622121921,1.6009368277593248,-0.5255241896196542,-0.4456534001905663,-0.7171371656006363,-0.6721500682776982,-0.7181708667238859,0.902316988775263,1.3814522388648272
Stronger_KanyeWest,-1.517982041600822,0.8769281795607825,-0.9467907486094008,-0.22100864957271818,-0.9479637235083646,-0.4405273126117515,-0.8727752767703904,1.820287705993477,-1.0596157522540974,-1.0170653571858033,0.0905729773915104,-1.0715963496832739,1.057462264935938,-0.0626315048341377,0.3689175919271151,-0.6385581254726311,0.4253913098866728,-0.1423353169559292,-0.7878413580976453,-0.9632806575462152,-1.2401226570129875,-0.6821945779661971,-0.10106234415762581,-0.7545220933919489,1.3745129007345531,1.4665092398786144,1.4675665537401146,-0.1747697098519535,0.09066400004440221
Superstition_StevieWonder,-0.7279353173713358,-0.4903725241304634,-0.5924820446165128,-1.0982761797146725,0.6493952152221955,0.2655123893207477,-1.0011004358763245,-0.5089963187901642,1.3850979953578642,1.1149220715963095,-0.690341522136584,-0.9971733094311799,0.3749634565766476,-0.7480301433883273,-1.2613637516822143,-0.2413068216117614,-0.503875245364439,0.0877448001342978,-0.5180127157961893,-0.0763074593856795,2.3924517469423994,0.14072448164384532,-0.7377551123506684,-0.13678470698918377,-0.7171371656006363,-0.6721500682776982,-0.7181708667238859,-0.4483918039477463,1.242769996494024
TheBattleOfNewOrleans_JohnnyHorton,-1.0154081481807673,0.4437585435754772,-1.1643640184101218,0.37913840865826076,1.8199788649789406,-0.42099261730136617,-8.49803058969825e-4,1.1347221686802806,3.9418760678053117,-0.8965480964084762,2.476856853896392,0.6520562568059183,-0.08333747104242621,-0.8432386638427745,0.03294377051655736,-0.8158559158501816,-0.8210146432552798,-0.34908591296170144,-0.19172432363850353,0.22623985687882356,-0.7773973835734175,1.1152758142370192,0.5356304240354167,-0.7545220933919489,-0.7171371656006363,-0.6721500682776982,-0.7181708667238859,1.4241810540249835,0.7817127254740921
TheBoyIsMine_BrandyMonica,1.4528523094044326,0.2538418216992961,-1.075063936990887,-0.08344337775080377,-1.130867418782854,-0.3819232266805955,-0.8510298541436685,2.053543868888087,0.7003270156801272,-1.0205078963535106,-0.20406909675919113,-0.6216153966918345,0.7030236275234453,0.9199586929622378,0.1951494184635862,-0.21303622840996897,-0.34035641434230923,0.07508195918881223,-0.7032122296197078,-0.7632378351688228,-0.956960205445119,-0.786424255515225,-0.8084987532610064,-0.7545220933919489,-0.7171371656006363,-0.6721500682776982,-0.7181708667238859,-0.9275015619788375,-0.9253489311585127
TheSign_AceOfBase,0.6631017462925247,-0.9723921305721094,1.1061543374463616,0.8434192876646578,-0.3260911595750966,-0.39029523895647494,0.8203794712032413,-0.5281156764044767,-0.7068410467504315,0.2791813381783871,0.6241061444510854,-0.7477779451038777,0.6729134407644222,-1.1342914202731382,-0.49352838117622877,-0.28963486773530017,-0.3361700188721178,-0.6384975911873112,-0.8335713949562308,0.12515134976401676,-0.9489829452685453,-0.04503391985856594,0.46488678312507864,-0.7545220933919489,-0.7171371656006363,-0.6721500682776982,-0.7181708667238859,-0.008147105623188258,-0.44361720012998984
TikTok_Kesha,-0.5630290222810838,2.8987187935497345,0.8373398304503191,0.5202396299394906,3.2466276881199705,4.529657308502008,0.450804306578545,-0.09492565960020159,1.0088006522554422,0.2356408934967409,-0.4594520595035928,-1.1896872182770744,1.5045102986932897,1.8178843215595373,0.3232709655761328,1.7356520429301923,-1.3142520547129226,2.552484623365644,-0.7520412868436311,0.29239874112277,-0.24066181259414823,0.4517160164673547,1.1723231922284592,-0.7545220933919489,-0.7171371656006363,-0.6721500682776982,-0.7181708667238859,-0.07224369078284097,3.1210327964490148
TossinAndTurnin_BobbyLewis,-1.140849114423742,0.2104750111921365,-0.9041605906937896,-1.0841170747368967,0.027522651288923186,-0.28704042088729514,-1.0439444809326603,-0.3964652425459268,-0.3857027953929226,-1.2447934238939975,-0.476234447052204,-0.048247407639104366,-0.734065683652843,-0.32606809895326944,-0.4776084070985625,-0.5191903026880711,0.6072637760542682,0.5988429894998007,0.08705367212347051,0.39694018546504306,-0.5810839699348678,-1.0453279714979327,0.32339950130440254,2.3341648386218767,-0.7171371656006363,-0.6721500682776982,-0.7181708667238859,0.30466487124131775,-1.0585716767418072
UnbreakMyHeart_ToniBraxton,-0.839903695319996,0.6117426256549335,-0.4225567468301975,-0.3955865871635641,-0.679704970439112,-0.4516899956462574,-0.18842832822183206,-0.5903901554910937,-0.5835494885409827,-1.2466771468380875,-1.0307510858831375,-0.6556539217403832,0.12622857826983752,-0.07434723684261688,-0.5847392496790959,0.8874754801469875,-0.2520864118777236,-1.1124137374628114,-0.6123360892981886,0.6780749559466176,0.045201921007729094,-1.0581537943886343,3.436119701359277,1.0986900658163465,1.3745129007345531,1.4665092398786144,1.4675665537401146,1.6378756500299303,0.8330305150305237
UptownFunk_MarkRonson,1.7420743145852535,0.16461585525353054,-0.9509155618940027,-0.9967898380901826,0.832298910496685,0.3910925734589395,-0.8858665127598262,-1.2666691476773377,-0.5754889860820296,-1.120696406062163,-0.6890917036864862,-1.4160310609813027,0.3651552930940158,-0.39550011136841084,0.9273267108849933,-0.6425993098112921,-0.8043832391579925,-1.0436257412279137,1.473047661748505,-0.74570957145496,0.1983081938205068,-1.0949352719473258,-0.8084987532610064,-0.7545220933919489,-0.7171371656006363,-0.6721500682776982,-0.7181708667238859,-0.6100433790929122,-1.1061732632039671
Weak_SWV,-0.8169593944346374,1.097251515700604,1.6598786280180595,2.0621432013084986,-0.7162857094940074,-0.35959786061158355,1.9616842910055874,1.794613140054257,-0.9613356380582113,0.889124518605864,0.25651679663876703,-0.450408182999321,1.782552692554311,-0.1867109892564843,1.0329083225189104,0.15462559660689265,-0.02151188736008462,0.17943544821230772,0.4696808277871295,0.6256645269412618,-0.8015873990791862,0.5596810329529235,-0.5255241896196542,0.48095267941358133,-0.7171371656006363,-0.6721500682776982,-0.7181708667238859,-0.3754609768080903,-0.604695756821136
YouLightUpMyLife_DebbyBoone,1.9225872727952695,-1.028719137322788,-0.8730756575902372,-1.0353638321917986,-0.5943499126443448,-0.4795967032325222,-0.9402171333226873,-1.1601470123975985,-0.6952674816995439,-0.021425514035319407,-0.7249920182194476,-1.325461509148129,0.2557884301873042,-1.278266864233686,-1.3112452924787474,0.08952967597280581,0.2606158050352062,-0.0032201217839178593,1.1381784572074098,-0.631726819457768,-0.16444518152318643,-0.7410777353453821,-0.5962678305299922,-0.7545220933919489,-0.7171371656006363,-0.6721500682776982,-0.7181708667238859,-0.3667339924627478,-0.9946331949839448
